"Country or Area","Element","Year","Unit","Value","Value Footnotes"
"United States of America","Area","2016","1000 ha","405862.50","Fm"
"United States of America","Area","2015","1000 ha","405862.50","Fm"
"United States of America","Area","2014","1000 ha","407865.50","Fm"
"United States of America","Area","2013","1000 ha","405841.70","Fm"
"United States of America","Area","2012","1000 ha","408706.50","Fm"
"United States of America","Area","2011","1000 ha","404669.30","Fm"
"United States of America","Area","2010","1000 ha","408426.20","Fm"
"United States of America","Area","2009","1000 ha","409960.70","Fm"
"United States of America","Area","2008","1000 ha","413312.60","Fm"
"United States of America","Area","2007","1000 ha","412857.60","Fm"
"United States of America","Area","2006","1000 ha","409214.80","Fm"
"United States of America","Area","2005","1000 ha","411784.00","Fm"
"United States of America","Area","2004","1000 ha","411521.00","Fm"
"United States of America","Area","2003","1000 ha","413925.00","Fm"
"United States of America","Area","2002","1000 ha","413064.00","Fm"
"United States of America","Area","2001","1000 ha","414944.00","Fm"
"United States of America","Area","2000","1000 ha","414399.00","Fm"
"United States of America","Area","1999","1000 ha","413887.00","Fm"
"United States of America","Area","1998","1000 ha","414588.00","Fm"
"United States of America","Area","1997","1000 ha","414885.00","F"
"United States of America","Area","1996","1000 ha","416306.00","F"
"United States of America","Area","1995","1000 ha","420139.00","F"
"United States of America","Area","1994","1000 ha","421139.00","F"
"United States of America","Area","1993","1000 ha","422948.00","F"
"United States of America","Area","1992","1000 ha","425429.00","Q"
"United States of America","Area","1991","1000 ha","426948.00","F"
"United States of America","Area","1990","1000 ha","426948.00","F"
"United States of America","Area","1989","1000 ha","426948.00","F"
"United States of America","Area","1988","1000 ha","426948.00","F"
"United States of America","Area","1987","1000 ha","426948.00","Q"
"United States of America","Area","1986","1000 ha","431399.00","Q"
"United States of America","Area","1985","1000 ha","431399.00","Q"
"United States of America","Area","1984","1000 ha","431399.00","Q"
"United States of America","Area","1983","1000 ha","431399.00","Q"
"United States of America","Area","1982","1000 ha","431399.00","Q"
"United States of America","Area","1981","1000 ha","428163.00","Q"
"United States of America","Area","1980","1000 ha","428163.00","Q"
"United States of America","Area","1979","1000 ha","428163.00","Q"
"United States of America","Area","1978","1000 ha","428163.00","Q"
"United States of America","Area","1977","1000 ha","430331.00","Q"
"United States of America","Area","1976","1000 ha","430158.00","Q"
"United States of America","Area","1975","1000 ha","430158.00","Q"
"United States of America","Area","1974","1000 ha","430158.00","Q"
"United States of America","Area","1973","1000 ha","431200.00","F"
"United States of America","Area","1972","1000 ha","432300.00","F"
"United States of America","Area","1971","1000 ha","433300.00","F"
"United States of America","Area","1970","1000 ha","434400.00","F"
"United States of America","Area","1969","1000 ha","435447.00","Q"
"United States of America","Area","1968","1000 ha","435795.00","F"
"United States of America","Area","1967","1000 ha","435307.00","I"
"United States of America","Area","1966","1000 ha","435550.00","I"
"United States of America","Area","1965","1000 ha","435873.00","I"
"United States of America","Area","1964","1000 ha","439012.00","Q"
"United States of America","Area","1963","1000 ha","441443.00","I"
"United States of America","Area","1962","1000 ha","443991.00","I"
"United States of America","Area","1961","1000 ha","447509.00","I"

"fnSeqID","Footnote"
"F","FAO estimate"
"Fm","Manual Estimation"
"I","Country data reported by International Organizations where the country is a member (Semi-official) - WTO, EU, UNSD, etc."
"Q","Official data reported on FAO Questionnaires from countries"
