Domain,Area,Element,Item,Year,Unit,Value
"Crops","United States of America","Area harvested","Cereals,Total","1961","ha","64869558"
"Crops","United States of America","Area harvested","Cereals,Total","1962","ha","60548008"
"Crops","United States of America","Area harvested","Cereals,Total","1963","ha","62420208"
"Crops","United States of America","Area harvested","Cereals,Total","1964","ha","60977008"
"Crops","United States of America","Area harvested","Cereals,Total","1965","ha","60379266"
"Crops","United States of America","Area harvested","Cereals,Total","1966","ha","61141626"
"Crops","United States of America","Area harvested","Cereals,Total","1967","ha","65847777"
"Crops","United States of America","Area harvested","Cereals,Total","1968","ha","63042026"
"Crops","United States of America","Area harvested","Cereals,Total","1969","ha","59258754"
"Crops","United States of America","Area harvested","Cereals,Total","1970","ha","59229150"
"Crops","United States of America","Area harvested","Cereals,Total","1971","ha","63782293"
"Crops","United States of America","Area harvested","Cereals,Total","1972","ha","58369291"
"Crops","United States of America","Area harvested","Cereals,Total","1973","ha","64531443"
"Crops","United States of America","Area harvested","Cereals,Total","1974","ha","68262068"
"Crops","United States of America","Area harvested","Cereals,Total","1975","ha","72020441"
"Crops","United States of America","Area harvested","Cereals,Total","1976","ha","73082438"
"Crops","United States of America","Area harvested","Cereals,Total","1977","ha","72223053"
"Crops","United States of America","Area harvested","Cereals,Total","1978","ha","67303432"
"Crops","United States of America","Area harvested","Cereals,Total","1979","ha","68371362"
"Crops","United States of America","Area harvested","Cereals,Total","1980","ha","71550444"
"Crops","United States of America","Area harvested","Cereals,Total","1981","ha","77733138"
"Crops","United States of America","Area harvested","Cereals,Total","1982","ha","76214787"
"Crops","United States of America","Area harvested","Cereals,Total","1983","ha","58729146"
"Crops","United States of America","Area harvested","Cereals,Total","1984","ha","71957016"
"Crops","United States of America","Area harvested","Cereals,Total","1985","ha","72873500"
"Crops","United States of America","Area harvested","Cereals,Total","1986","ha","67107716"
"Crops","United States of America","Area harvested","Cereals,Total","1987","ha","59233504"
"Crops","United States of America","Area harvested","Cereals,Total","1988","ha","55714416"
"Crops","United States of America","Area harvested","Cereals,Total","1989","ha","63533008"
"Crops","United States of America","Area harvested","Cereals,Total","1990","ha","65700000"
"Crops","United States of America","Area harvested","Cereals,Total","1991","ha","62131075"
"Crops","United States of America","Area harvested","Cereals,Total","1992","ha","65890404"
"Crops","United States of America","Area harvested","Cereals,Total","1993","ha","60273827"
"Crops","United States of America","Area harvested","Cereals,Total","1994","ha","64017419"
"Crops","United States of America","Area harvested","Cereals,Total","1995","ha","59766550"
"Crops","United States of America","Area harvested","Cereals,Total","1996","ha","64881026"
"Crops","United States of America","Area harvested","Cereals,Total","1997","ha","63803406"
"Crops","United States of America","Area harvested","Cereals,Total","1998","ha","61556513"
"Crops","United States of America","Area harvested","Cereals,Total","1999","ha","58461970"
"Crops","United States of America","Area harvested","Cereals,Total","2000","ha","58526104"
"Crops","United States of America","Area harvested","Cereals,Total","2001","ha","55166824"
"Crops","United States of America","Area harvested","Cereals,Total","2002","ha","53570702"
"Crops","United States of America","Area harvested","Cereals,Total","2003","ha","57813092"
"Crops","United States of America","Area harvested","Cereals,Total","2004","ha","56782664"
"Crops","United States of America","Area harvested","Cereals,Total","2005","ha","56805877"
"Crops","United States of America","Area harvested","Cereals,Total","2006","ha","52861862"
"Crops","United States of America","Area harvested","Cereals,Total","2007","ha","61919594"
"Crops","United States of America","Area harvested","Cereals,Total","2008","ha","60985598"
"Crops","United States of America","Area harvested","Cereals,Total","2009","ha","57937341"
"Crops","United States of America","Area harvested","Cereals,Total","2010","ha","57483702"
"Crops","United States of America","Area harvested","Cereals,Total","2011","ha","56668632"
"Crops","United States of America","Area harvested","Cereals,Total","2012","ha","60253274"
"Crops","United States of America","Area harvested","Cereals,Total","2013","ha","59486800"
"Crops","United States of America","Area harvested","Cereals,Total","2014","ha","57979030"
"Crops","United States of America","Area harvested","Cereals,Total","2015","ha","58121068"
"Crops","United States of America","Area harvested","Cereals,Total","2016","ha","58438795"
"Crops","United States of America","Area harvested","Cereals,Total","2017","ha","53149164"
"Crops","United States of America","Production","Cereals,Total","1961","tonnes","163619978"
"Crops","United States of America","Production","Cereals,Total","1962","tonnes","162455780"
"Crops","United States of America","Production","Cereals,Total","1963","tonnes","174812487"
"Crops","United States of America","Production","Cereals,Total","1964","tonnes","160937079"
"Crops","United States of America","Production","Cereals,Total","1965","tonnes","183602617"
"Crops","United States of America","Production","Cereals,Total","1966","tonnes","184444880"
"Crops","United States of America","Production","Cereals,Total","1967","tonnes","208158055"
"Crops","United States of America","Production","Cereals,Total","1968","tonnes","202538423"
"Crops","United States of America","Production","Cereals,Total","1969","tonnes","205288170"
"Crops","United States of America","Production","Cereals,Total","1970","tonnes","186860751"
"Crops","United States of America","Production","Cereals,Total","1971","tonnes","237624461"
"Crops","United States of America","Production","Cereals,Total","1972","tonnes","228117866"
"Crops","United States of America","Production","Cereals,Total","1973","tonnes","237683006"
"Crops","United States of America","Production","Cereals,Total","1974","tonnes","204617505"
"Crops","United States of America","Production","Cereals,Total","1975","tonnes","249283743"
"Crops","United States of America","Production","Cereals,Total","1976","tonnes","258200097"
"Crops","United States of America","Production","Cereals,Total","1977","tonnes","266014469"
"Crops","United States of America","Production","Cereals,Total","1978","tonnes","276602542"
"Crops","United States of America","Production","Cereals,Total","1979","tonnes","302625580"
"Crops","United States of America","Production","Cereals,Total","1980","tonnes","269883982"
"Crops","United States of America","Production","Cereals,Total","1981","tonnes","330889528"
"Crops","United States of America","Production","Cereals,Total","1982","tonnes","333103755"
"Crops","United States of America","Production","Cereals,Total","1983","tonnes","207657604"
"Crops","United States of America","Production","Cereals,Total","1984","tonnes","314749500"
"Crops","United States of America","Production","Cereals,Total","1985","tonnes","347118216"
"Crops","United States of America","Production","Cereals,Total","1986","tonnes","315331216"
"Crops","United States of America","Production","Cereals,Total","1987","tonnes","280494047"
"Crops","United States of America","Production","Cereals,Total","1988","tonnes","206528100"
"Crops","United States of America","Production","Cereals,Total","1989","tonnes","284238058"
"Crops","United States of America","Production","Cereals,Total","1990","tonnes","312410604"
"Crops","United States of America","Production","Cereals,Total","1991","tonnes","280063391"
"Crops","United States of America","Production","Cereals,Total","1992","tonnes","353025147"
"Crops","United States of America","Production","Cereals,Total","1993","tonnes","259105342"
"Crops","United States of America","Production","Cereals,Total","1994","tonnes","355934924"
"Crops","United States of America","Production","Cereals,Total","1995","tonnes","277601210"
"Crops","United States of America","Production","Cereals,Total","1996","tonnes","335780123"
"Crops","United States of America","Production","Cereals,Total","1997","tonnes","336582161"
"Crops","United States of America","Production","Cereals,Total","1998","tonnes","349425744"
"Crops","United States of America","Production","Cereals,Total","1999","tonnes","335364364"
"Crops","United States of America","Production","Cereals,Total","2000","tonnes","342631506"
"Crops","United States of America","Production","Cereals,Total","2001","tonnes","324994634"
"Crops","United States of America","Production","Cereals,Total","2002","tonnes","297143452"
"Crops","United States of America","Production","Cereals,Total","2003","tonnes","348247631"
"Crops","United States of America","Production","Cereals,Total","2004","tonnes","389023763"
"Crops","United States of America","Production","Cereals,Total","2005","tonnes","366436346"
"Crops","United States of America","Production","Cereals,Total","2006","tonnes","338336800"
"Crops","United States of America","Production","Cereals,Total","2007","tonnes","415130860"
"Crops","United States of America","Production","Cereals,Total","2008","tonnes","402399936"
"Crops","United States of America","Production","Cereals,Total","2009","tonnes","418666166"
"Crops","United States of America","Production","Cereals,Total","2010","tonnes","401126330"
"Crops","United States of America","Production","Cereals,Total","2011","tonnes","385545256"
"Crops","United States of America","Production","Cereals,Total","2012","tonnes","356210124"
"Crops","United States of America","Production","Cereals,Total","2013","tonnes","434308450"
"Crops","United States of America","Production","Cereals,Total","2014","tonnes","442849090"
"Crops","United States of America","Production","Cereals,Total","2015","tonnes","431866508"
"Crops","United States of America","Production","Cereals,Total","2016","tonnes","475958847"
"Crops","United States of America","Production","Cereals,Total","2017","tonnes","440117262"
"Crops","United States of America","Area harvested","Fruit Primary","1961","ha","1285546"
"Crops","United States of America","Area harvested","Fruit Primary","1962","ha","1297636"
"Crops","United States of America","Area harvested","Fruit Primary","1963","ha","1256847"
"Crops","United States of America","Area harvested","Fruit Primary","1964","ha","1254068"
"Crops","United States of America","Area harvested","Fruit Primary","1965","ha","1264735"
"Crops","United States of America","Area harvested","Fruit Primary","1966","ha","1269084"
"Crops","United States of America","Area harvested","Fruit Primary","1967","ha","1288626"
"Crops","United States of America","Area harvested","Fruit Primary","1968","ha","1312619"
"Crops","United States of America","Area harvested","Fruit Primary","1969","ha","1344789"
"Crops","United States of America","Area harvested","Fruit Primary","1970","ha","1345882"
"Crops","United States of America","Area harvested","Fruit Primary","1971","ha","1348000"
"Crops","United States of America","Area harvested","Fruit Primary","1972","ha","1336838"
"Crops","United States of America","Area harvested","Fruit Primary","1973","ha","1335821"
"Crops","United States of America","Area harvested","Fruit Primary","1974","ha","1327999"
"Crops","United States of America","Area harvested","Fruit Primary","1975","ha","1341539"
"Crops","United States of America","Area harvested","Fruit Primary","1976","ha","1373824"
"Crops","United States of America","Area harvested","Fruit Primary","1977","ha","1365249"
"Crops","United States of America","Area harvested","Fruit Primary","1978","ha","1359940"
"Crops","United States of America","Area harvested","Fruit Primary","1979","ha","1341632"
"Crops","United States of America","Area harvested","Fruit Primary","1980","ha","1340339"
"Crops","United States of America","Area harvested","Fruit Primary","1981","ha","1349663"
"Crops","United States of America","Area harvested","Fruit Primary","1982","ha","1374062"
"Crops","United States of America","Area harvested","Fruit Primary","1983","ha","1365237"
"Crops","United States of America","Area harvested","Fruit Primary","1984","ha","1349143"
"Crops","United States of America","Area harvested","Fruit Primary","1985","ha","1322750"
"Crops","United States of America","Area harvested","Fruit Primary","1986","ha","1299155"
"Crops","United States of America","Area harvested","Fruit Primary","1987","ha","1304616"
"Crops","United States of America","Area harvested","Fruit Primary","1988","ha","1305147"
"Crops","United States of America","Area harvested","Fruit Primary","1989","ha","1324459"
"Crops","United States of America","Area harvested","Fruit Primary","1990","ha","1317274"
"Crops","United States of America","Area harvested","Fruit Primary","1991","ha","1303857"
"Crops","United States of America","Area harvested","Fruit Primary","1992","ha","1312743"
"Crops","United States of America","Area harvested","Fruit Primary","1993","ha","1326328"
"Crops","United States of America","Area harvested","Fruit Primary","1994","ha","1347908"
"Crops","United States of America","Area harvested","Fruit Primary","1995","ha","1360854"
"Crops","United States of America","Area harvested","Fruit Primary","1996","ha","1409613"
"Crops","United States of America","Area harvested","Fruit Primary","1997","ha","1426827"
"Crops","United States of America","Area harvested","Fruit Primary","1998","ha","1422984"
"Crops","United States of America","Area harvested","Fruit Primary","1999","ha","1435854"
"Crops","United States of America","Area harvested","Fruit Primary","2000","ha","1423601"
"Crops","United States of America","Area harvested","Fruit Primary","2001","ha","1402988"
"Crops","United States of America","Area harvested","Fruit Primary","2002","ha","1382073"
"Crops","United States of America","Area harvested","Fruit Primary","2003","ha","1362110"
"Crops","United States of America","Area harvested","Fruit Primary","2004","ha","1332618"
"Crops","United States of America","Area harvested","Fruit Primary","2005","ha","1310198"
"Crops","United States of America","Area harvested","Fruit Primary","2006","ha","1231946"
"Crops","United States of America","Area harvested","Fruit Primary","2007","ha","1251955"
"Crops","United States of America","Area harvested","Fruit Primary","2008","ha","1246054"
"Crops","United States of America","Area harvested","Fruit Primary","2009","ha","1242722"
"Crops","United States of America","Area harvested","Fruit Primary","2010","ha","1235524"
"Crops","United States of America","Area harvested","Fruit Primary","2011","ha","1217780"
"Crops","United States of America","Area harvested","Fruit Primary","2012","ha","1222307"
"Crops","United States of America","Area harvested","Fruit Primary","2013","ha","1232276"
"Crops","United States of America","Area harvested","Fruit Primary","2014","ha","1216594"
"Crops","United States of America","Area harvested","Fruit Primary","2015","ha","1207192"
"Crops","United States of America","Area harvested","Fruit Primary","2016","ha","1185422"
"Crops","United States of America","Area harvested","Fruit Primary","2017","ha","1162417"
"Crops","United States of America","Production","Fruit Primary","1961","tonnes","18899893"
"Crops","United States of America","Production","Fruit Primary","1962","tonnes","19908002"
"Crops","United States of America","Production","Fruit Primary","1963","tonnes","18234608"
"Crops","United States of America","Production","Fruit Primary","1964","tonnes","18249633"
"Crops","United States of America","Production","Fruit Primary","1965","tonnes","19992674"
"Crops","United States of America","Production","Fruit Primary","1966","tonnes","20410398"
"Crops","United States of America","Production","Fruit Primary","1967","tonnes","21376881"
"Crops","United States of America","Production","Fruit Primary","1968","tonnes","19530580"
"Crops","United States of America","Production","Fruit Primary","1969","tonnes","23363621"
"Crops","United States of America","Production","Fruit Primary","1970","tonnes","22322939"
"Crops","United States of America","Production","Fruit Primary","1971","tonnes","23653697"
"Crops","United States of America","Production","Fruit Primary","1972","tonnes","21608664"
"Crops","United States of America","Production","Fruit Primary","1973","tonnes","25346185"
"Crops","United States of America","Production","Fruit Primary","1974","tonnes","24783259"
"Crops","United States of America","Production","Fruit Primary","1975","tonnes","26582161"
"Crops","United States of America","Production","Fruit Primary","1976","tonnes","26576327"
"Crops","United States of America","Production","Fruit Primary","1977","tonnes","27096259"
"Crops","United States of America","Production","Fruit Primary","1978","tonnes","26646153"
"Crops","United States of America","Production","Fruit Primary","1979","tonnes","26618840"
"Crops","United States of America","Production","Fruit Primary","1980","tonnes","30667353"
"Crops","United States of America","Production","Fruit Primary","1981","tonnes","27791678"
"Crops","United States of America","Production","Fruit Primary","1982","tonnes","27064406"
"Crops","United States of America","Production","Fruit Primary","1983","tonnes","27538667"
"Crops","United States of America","Production","Fruit Primary","1984","tonnes","25111010"
"Crops","United States of America","Production","Fruit Primary","1985","tonnes","24724595"
"Crops","United States of America","Production","Fruit Primary","1986","tonnes","24987272"
"Crops","United States of America","Production","Fruit Primary","1987","tonnes","28005342"
"Crops","United States of America","Production","Fruit Primary","1988","tonnes","28285305"
"Crops","United States of America","Production","Fruit Primary","1989","tonnes","29229050"
"Crops","United States of America","Production","Fruit Primary","1990","tonnes","26327030"
"Crops","United States of America","Production","Fruit Primary","1991","tonnes","27346797"
"Crops","United States of America","Production","Fruit Primary","1992","tonnes","29598899"
"Crops","United States of America","Production","Fruit Primary","1993","tonnes","31643342"
"Crops","United States of America","Production","Fruit Primary","1994","tonnes","31804144"
"Crops","United States of America","Production","Fruit Primary","1995","tonnes","32141095"
"Crops","United States of America","Production","Fruit Primary","1996","tonnes","31921702"
"Crops","United States of America","Production","Fruit Primary","1997","tonnes","35296473"
"Crops","United States of America","Production","Fruit Primary","1998","tonnes","34473708"
"Crops","United States of America","Production","Fruit Primary","1999","tonnes","31218972"
"Crops","United States of America","Production","Fruit Primary","2000","tonnes","35713530"
"Crops","United States of America","Production","Fruit Primary","2001","tonnes","33050210"
"Crops","United States of America","Production","Fruit Primary","2002","tonnes","33282500"
"Crops","United States of America","Production","Fruit Primary","2003","tonnes","31774912"
"Crops","United States of America","Production","Fruit Primary","2004","tonnes","33013670"
"Crops","United States of America","Production","Fruit Primary","2005","tonnes","29880381"
"Crops","United States of America","Production","Fruit Primary","2006","tonnes","28972843"
"Crops","United States of America","Production","Fruit Primary","2007","tonnes","27854904"
"Crops","United States of America","Production","Fruit Primary","2008","tonnes","30636409"
"Crops","United States of America","Production","Fruit Primary","2009","tonnes","30277985"
"Crops","United States of America","Production","Fruit Primary","2010","tonnes","29156900"
"Crops","United States of America","Production","Fruit Primary","2011","tonnes","29947363"
"Crops","United States of America","Production","Fruit Primary","2012","tonnes","29980305"
"Crops","United States of America","Production","Fruit Primary","2013","tonnes","30435436"
"Crops","United States of America","Production","Fruit Primary","2014","tonnes","28599781"
"Crops","United States of America","Production","Fruit Primary","2015","tonnes","27357446"
"Crops","United States of America","Production","Fruit Primary","2016","tonnes","27987007"
"Crops","United States of America","Production","Fruit Primary","2017","tonnes","26506375"
"Crops","United States of America","Area harvested","Oilcrops, Oil Equivalent","1961","ha","19062636"
"Crops","United States of America","Area harvested","Oilcrops, Oil Equivalent","1962","ha","19443958"
"Crops","United States of America","Area harvested","Oilcrops, Oil Equivalent","1963","ha","19483397"
"Crops","United States of America","Area harvested","Oilcrops, Oil Equivalent","1964","ha","20073267"
"Crops","United States of America","Area harvested","Oilcrops, Oil Equivalent","1965","ha","21337033"
"Crops","United States of America","Area harvested","Oilcrops, Oil Equivalent","1966","ha","20486069"
"Crops","United States of America","Area harvested","Oilcrops, Oil Equivalent","1967","ha","20958345"
"Crops","United States of America","Area harvested","Oilcrops, Oil Equivalent","1968","ha","22490894"
"Crops","United States of America","Area harvested","Oilcrops, Oil Equivalent","1969","ha","23048885"
"Crops","United States of America","Area harvested","Oilcrops, Oil Equivalent","1970","ha","23557653"
"Crops","United States of America","Area harvested","Oilcrops, Oil Equivalent","1971","ha","23430481"
"Crops","United States of America","Area harvested","Oilcrops, Oil Equivalent","1972","ha","25263680"
"Crops","United States of America","Area harvested","Oilcrops, Oil Equivalent","1973","ha","29096874"
"Crops","United States of America","Area harvested","Oilcrops, Oil Equivalent","1974","ha","27502697"
"Crops","United States of America","Area harvested","Oilcrops, Oil Equivalent","1975","ha","27080264"
"Crops","United States of America","Area harvested","Oilcrops, Oil Equivalent","1976","ha","25902937"
"Crops","United States of America","Area harvested","Oilcrops, Oil Equivalent","1977","ha","30889978"
"Crops","United States of America","Area harvested","Oilcrops, Oil Equivalent","1978","ha","32922059"
"Crops","United States of America","Area harvested","Oilcrops, Oil Equivalent","1979","ha","36948930"
"Crops","United States of America","Area harvested","Oilcrops, Oil Equivalent","1980","ha","35202268"
"Crops","United States of America","Area harvested","Oilcrops, Oil Equivalent","1981","ha","34831440"
"Crops","United States of America","Area harvested","Oilcrops, Oil Equivalent","1982","ha","34853028"
"Crops","United States of America","Area harvested","Oilcrops, Oil Equivalent","1983","ha","30378468"
"Crops","United States of America","Area harvested","Oilcrops, Oil Equivalent","1984","ha","33381538"
"Crops","United States of America","Area harvested","Oilcrops, Oil Equivalent","1985","ha","31146310"
"Crops","United States of America","Area harvested","Oilcrops, Oil Equivalent","1986","ha","28817370"
"Crops","United States of America","Area harvested","Oilcrops, Oil Equivalent","1987","ha","28848217"
"Crops","United States of America","Area harvested","Oilcrops, Oil Equivalent","1988","ha","29717850"
"Crops","United States of America","Area harvested","Oilcrops, Oil Equivalent","1989","ha","29511168"
"Crops","United States of America","Area harvested","Oilcrops, Oil Equivalent","1990","ha","29337758"
"Crops","United States of America","Area harvested","Oilcrops, Oil Equivalent","1991","ha","30926792"
"Crops","United States of America","Area harvested","Oilcrops, Oil Equivalent","1992","ha","29836738"
"Crops","United States of America","Area harvested","Oilcrops, Oil Equivalent","1993","ha","30347320"
"Crops","United States of America","Area harvested","Oilcrops, Oil Equivalent","1994","ha","32363390"
"Crops","United States of America","Area harvested","Oilcrops, Oil Equivalent","1995","ha","33722814"
"Crops","United States of America","Area harvested","Oilcrops, Oil Equivalent","1996","ha","32608668"
"Crops","United States of America","Area harvested","Oilcrops, Oil Equivalent","1997","ha","35541563"
"Crops","United States of America","Area harvested","Oilcrops, Oil Equivalent","1998","ha","35576005"
"Crops","United States of America","Area harvested","Oilcrops, Oil Equivalent","1999","ha","37447325"
"Crops","United States of America","Area harvested","Oilcrops, Oil Equivalent","2000","ha","37125471"
"Crops","United States of America","Area harvested","Oilcrops, Oil Equivalent","2001","ha","37661685"
"Crops","United States of America","Area harvested","Oilcrops, Oil Equivalent","2002","ha","36729953"
"Crops","United States of America","Area harvested","Oilcrops, Oil Equivalent","2003","ha","36422750"
"Crops","United States of America","Area harvested","Oilcrops, Oil Equivalent","2004","ha","37120813"
"Crops","United States of America","Area harvested","Oilcrops, Oil Equivalent","2005","ha","37071100"
"Crops","United States of America","Area harvested","Oilcrops, Oil Equivalent","2006","ha","37373732"
"Crops","United States of America","Area harvested","Oilcrops, Oil Equivalent","2007","ha","32215827"
"Crops","United States of America","Area harvested","Oilcrops, Oil Equivalent","2008","ha","35523032"
"Crops","United States of America","Area harvested","Oilcrops, Oil Equivalent","2009","ha","35735085"
"Crops","United States of America","Area harvested","Oilcrops, Oil Equivalent","2010","ha","37450109"
"Crops","United States of America","Area harvested","Oilcrops, Oil Equivalent","2011","ha","35278124"
"Crops","United States of America","Area harvested","Oilcrops, Oil Equivalent","2012","ha","36915761"
"Crops","United States of America","Area harvested","Oilcrops, Oil Equivalent","2013","ha","35611638"
"Crops","United States of America","Area harvested","Oilcrops, Oil Equivalent","2014","ha","39202179"
"Crops","United States of America","Production","Oilcrops, Oil Equivalent","1961","tonnes","4712982"
"Crops","United States of America","Production","Oilcrops, Oil Equivalent","1962","tonnes","4839602"
"Crops","United States of America","Production","Oilcrops, Oil Equivalent","1963","tonnes","5037023"
"Crops","United States of America","Production","Oilcrops, Oil Equivalent","1964","tonnes","4977961"
"Crops","United States of America","Production","Oilcrops, Oil Equivalent","1965","tonnes","5796303"
"Crops","United States of America","Production","Oilcrops, Oil Equivalent","1966","tonnes","5816860"
"Crops","United States of America","Production","Oilcrops, Oil Equivalent","1967","tonnes","5911646"
"Crops","United States of America","Production","Oilcrops, Oil Equivalent","1968","tonnes","6811543"
"Crops","United States of America","Production","Oilcrops, Oil Equivalent","1969","tonnes","6925068"
"Crops","United States of America","Production","Oilcrops, Oil Equivalent","1970","tonnes","6893973"
"Crops","United States of America","Production","Oilcrops, Oil Equivalent","1971","tonnes","7128004"
"Crops","United States of America","Production","Oilcrops, Oil Equivalent","1972","tonnes","7807908"
"Crops","United States of America","Production","Oilcrops, Oil Equivalent","1973","tonnes","9156499"
"Crops","United States of America","Production","Oilcrops, Oil Equivalent","1974","tonnes","7429731"
"Crops","United States of America","Production","Oilcrops, Oil Equivalent","1975","tonnes","9019073"
"Crops","United States of America","Production","Oilcrops, Oil Equivalent","1976","tonnes","7723000"
"Crops","United States of America","Production","Oilcrops, Oil Equivalent","1977","tonnes","10706894"
"Crops","United States of America","Production","Oilcrops, Oil Equivalent","1978","tonnes","11226142"
"Crops","United States of America","Production","Oilcrops, Oil Equivalent","1979","tonnes","13999829"
"Crops","United States of America","Production","Oilcrops, Oil Equivalent","1980","tonnes","10596008"
"Crops","United States of America","Production","Oilcrops, Oil Equivalent","1981","tonnes","12213533"
"Crops","United States of America","Production","Oilcrops, Oil Equivalent","1982","tonnes","13040648"
"Crops","United States of America","Production","Oilcrops, Oil Equivalent","1983","tonnes","9610245"
"Crops","United States of America","Production","Oilcrops, Oil Equivalent","1984","tonnes","11289428"
"Crops","United States of America","Production","Oilcrops, Oil Equivalent","1985","tonnes","12341169"
"Crops","United States of America","Production","Oilcrops, Oil Equivalent","1986","tonnes","11250033"
"Crops","United States of America","Production","Oilcrops, Oil Equivalent","1987","tonnes","11445640"
"Crops","United States of America","Production","Oilcrops, Oil Equivalent","1988","tonnes","9436265"
"Crops","United States of America","Production","Oilcrops, Oil Equivalent","1989","tonnes","11086302"
"Crops","United States of America","Production","Oilcrops, Oil Equivalent","1990","tonnes","11339984"
"Crops","United States of America","Production","Oilcrops, Oil Equivalent","1991","tonnes","12225676"
"Crops","United States of America","Production","Oilcrops, Oil Equivalent","1992","tonnes","12850747"
"Crops","United States of America","Production","Oilcrops, Oil Equivalent","1993","tonnes","11207322"
"Crops","United States of America","Production","Oilcrops, Oil Equivalent","1994","tonnes","15092732"
"Crops","United States of America","Production","Oilcrops, Oil Equivalent","1995","tonnes","13065362"
"Crops","United States of America","Production","Oilcrops, Oil Equivalent","1996","tonnes","14053741"
"Crops","United States of America","Production","Oilcrops, Oil Equivalent","1997","tonnes","15592559"
"Crops","United States of America","Production","Oilcrops, Oil Equivalent","1998","tonnes","16152488"
"Crops","United States of America","Production","Oilcrops, Oil Equivalent","1999","tonnes","15653893"
"Crops","United States of America","Production","Oilcrops, Oil Equivalent","2000","tonnes","16055283"
"Crops","United States of America","Production","Oilcrops, Oil Equivalent","2001","tonnes","16978919"
"Crops","United States of America","Production","Oilcrops, Oil Equivalent","2002","tonnes","15758998"
"Crops","United States of America","Production","Oilcrops, Oil Equivalent","2003","tonnes","14481991"
"Crops","United States of America","Production","Oilcrops, Oil Equivalent","2004","tonnes","17843430"
"Crops","United States of America","Production","Oilcrops, Oil Equivalent","2005","tonnes","18144084"
"Crops","United States of America","Production","Oilcrops, Oil Equivalent","2006","tonnes","17982446"
"Crops","United States of America","Production","Oilcrops, Oil Equivalent","2007","tonnes","15478334"
"Crops","United States of America","Production","Oilcrops, Oil Equivalent","2008","tonnes","16867296"
"Crops","United States of America","Production","Oilcrops, Oil Equivalent","2009","tonnes","18508215"
"Crops","United States of America","Production","Oilcrops, Oil Equivalent","2010","tonnes","18864838"
"Crops","United States of America","Production","Oilcrops, Oil Equivalent","2011","tonnes","17186010"
"Crops","United States of America","Production","Oilcrops, Oil Equivalent","2012","tonnes","17681863"
"Crops","United States of America","Production","Oilcrops, Oil Equivalent","2013","tonnes","18487708"
"Crops","United States of America","Production","Oilcrops, Oil Equivalent","2014","tonnes","21647625"
"Crops","United States of America","Area harvested","Vegetables Primary","1961","ha","1277910"
"Crops","United States of America","Area harvested","Vegetables Primary","1962","ha","1252763"
"Crops","United States of America","Area harvested","Vegetables Primary","1963","ha","1217846"
"Crops","United States of America","Area harvested","Vegetables Primary","1964","ha","1210730"
"Crops","United States of America","Area harvested","Vegetables Primary","1965","ha","1207700"
"Crops","United States of America","Area harvested","Vegetables Primary","1966","ha","1279276"
"Crops","United States of America","Area harvested","Vegetables Primary","1967","ha","1328569"
"Crops","United States of America","Area harvested","Vegetables Primary","1968","ha","1341897"
"Crops","United States of America","Area harvested","Vegetables Primary","1969","ha","1245586"
"Crops","United States of America","Area harvested","Vegetables Primary","1970","ha","1200716"
"Crops","United States of America","Area harvested","Vegetables Primary","1971","ha","1226077"
"Crops","United States of America","Area harvested","Vegetables Primary","1972","ha","1239688"
"Crops","United States of America","Area harvested","Vegetables Primary","1973","ha","1262177"
"Crops","United States of America","Area harvested","Vegetables Primary","1974","ha","1286598"
"Crops","United States of America","Area harvested","Vegetables Primary","1975","ha","1302851"
"Crops","United States of America","Area harvested","Vegetables Primary","1976","ha","1246385"
"Crops","United States of America","Area harvested","Vegetables Primary","1977","ha","1256811"
"Crops","United States of America","Area harvested","Vegetables Primary","1978","ha","1311610"
"Crops","United States of America","Area harvested","Vegetables Primary","1979","ha","1288081"
"Crops","United States of America","Area harvested","Vegetables Primary","1980","ha","1202589"
"Crops","United States of America","Area harvested","Vegetables Primary","1981","ha","1165514"
"Crops","United States of America","Area harvested","Vegetables Primary","1982","ha","1156881"
"Crops","United States of America","Area harvested","Vegetables Primary","1983","ha","1124720"
"Crops","United States of America","Area harvested","Vegetables Primary","1984","ha","1147752"
"Crops","United States of America","Area harvested","Vegetables Primary","1985","ha","1150374"
"Crops","United States of America","Area harvested","Vegetables Primary","1986","ha","1073703"
"Crops","United States of America","Area harvested","Vegetables Primary","1987","ha","1123227"
"Crops","United States of America","Area harvested","Vegetables Primary","1988","ha","1130028"
"Crops","United States of America","Area harvested","Vegetables Primary","1989","ha","1173653"
"Crops","United States of America","Area harvested","Vegetables Primary","1990","ha","1238169"
"Crops","United States of America","Area harvested","Vegetables Primary","1991","ha","1227699"
"Crops","United States of America","Area harvested","Vegetables Primary","1992","ha","1244374"
"Crops","United States of America","Area harvested","Vegetables Primary","1993","ha","1234452"
"Crops","United States of America","Area harvested","Vegetables Primary","1994","ha","1331728"
"Crops","United States of America","Area harvested","Vegetables Primary","1995","ha","1314198"
"Crops","United States of America","Area harvested","Vegetables Primary","1996","ha","1286328"
"Crops","United States of America","Area harvested","Vegetables Primary","1997","ha","1254393"
"Crops","United States of America","Area harvested","Vegetables Primary","1998","ha","1275653"
"Crops","United States of America","Area harvested","Vegetables Primary","1999","ha","1325491"
"Crops","United States of America","Area harvested","Vegetables Primary","2000","ha","1342439"
"Crops","United States of America","Area harvested","Vegetables Primary","2001","ha","1284883"
"Crops","United States of America","Area harvested","Vegetables Primary","2002","ha","1271546"
"Crops","United States of America","Area harvested","Vegetables Primary","2003","ha","1265209"
"Crops","United States of America","Area harvested","Vegetables Primary","2004","ha","1213446"
"Crops","United States of America","Area harvested","Vegetables Primary","2005","ha","1189517"
"Crops","United States of America","Area harvested","Vegetables Primary","2006","ha","1177204"
"Crops","United States of America","Area harvested","Vegetables Primary","2007","ha","1156956"
"Crops","United States of America","Area harvested","Vegetables Primary","2008","ha","1120822"
"Crops","United States of America","Area harvested","Vegetables Primary","2009","ha","1128443"
"Crops","United States of America","Area harvested","Vegetables Primary","2010","ha","1079463"
"Crops","United States of America","Area harvested","Vegetables Primary","2011","ha","1031700"
"Crops","United States of America","Area harvested","Vegetables Primary","2012","ha","1057455"
"Crops","United States of America","Area harvested","Vegetables Primary","2013","ha","1023974"
"Crops","United States of America","Area harvested","Vegetables Primary","2014","ha","1024602"
"Crops","United States of America","Area harvested","Vegetables Primary","2015","ha","934016"
"Crops","United States of America","Area harvested","Vegetables Primary","2016","ha","989759"
"Crops","United States of America","Area harvested","Vegetables Primary","2017","ha","955768"
"Crops","United States of America","Production","Vegetables Primary","1961","tonnes","16989631"
"Crops","United States of America","Production","Vegetables Primary","1962","tonnes","17926011"
"Crops","United States of America","Production","Vegetables Primary","1963","tonnes","16848387"
"Crops","United States of America","Production","Vegetables Primary","1964","tonnes","16835653"
"Crops","United States of America","Production","Vegetables Primary","1965","tonnes","17369292"
"Crops","United States of America","Production","Vegetables Primary","1966","tonnes","17647540"
"Crops","United States of America","Production","Vegetables Primary","1967","tonnes","18995426"
"Crops","United States of America","Production","Vegetables Primary","1968","tonnes","20942485"
"Crops","United States of America","Production","Vegetables Primary","1969","tonnes","18560263"
"Crops","United States of America","Production","Vegetables Primary","1970","tonnes","18831442"
"Crops","United States of America","Production","Vegetables Primary","1971","tonnes","19998865"
"Crops","United States of America","Production","Vegetables Primary","1972","tonnes","20393496"
"Crops","United States of America","Production","Vegetables Primary","1973","tonnes","20207554"
"Crops","United States of America","Production","Vegetables Primary","1974","tonnes","22008323"
"Crops","United States of America","Production","Vegetables Primary","1975","tonnes","22954371"
"Crops","United States of America","Production","Vegetables Primary","1976","tonnes","22163967"
"Crops","United States of America","Production","Vegetables Primary","1977","tonnes","23759073"
"Crops","United States of America","Production","Vegetables Primary","1978","tonnes","23705496"
"Crops","United States of America","Production","Vegetables Primary","1979","tonnes","24711391"
"Crops","United States of America","Production","Vegetables Primary","1980","tonnes","22927630"
"Crops","United States of America","Production","Vegetables Primary","1981","tonnes","22888488"
"Crops","United States of America","Production","Vegetables Primary","1982","tonnes","25052921"
"Crops","United States of America","Production","Vegetables Primary","1983","tonnes","23478185"
"Crops","United States of America","Production","Vegetables Primary","1984","tonnes","25124374"
"Crops","United States of America","Production","Vegetables Primary","1985","tonnes","25127822"
"Crops","United States of America","Production","Vegetables Primary","1986","tonnes","24408506"
"Crops","United States of America","Production","Vegetables Primary","1987","tonnes","25858833"
"Crops","United States of America","Production","Vegetables Primary","1988","tonnes","25056786"
"Crops","United States of America","Production","Vegetables Primary","1989","tonnes","28251862"
"Crops","United States of America","Production","Vegetables Primary","1990","tonnes","29762521"
"Crops","United States of America","Production","Vegetables Primary","1991","tonnes","29852752"
"Crops","United States of America","Production","Vegetables Primary","1992","tonnes","29748297"
"Crops","United States of America","Production","Vegetables Primary","1993","tonnes","29972319"
"Crops","United States of America","Production","Vegetables Primary","1994","tonnes","34466247"
"Crops","United States of America","Production","Vegetables Primary","1995","tonnes","32949714"
"Crops","United States of America","Production","Vegetables Primary","1996","tonnes","33204014"
"Crops","United States of America","Production","Vegetables Primary","1997","tonnes","33500234"
"Crops","United States of America","Production","Vegetables Primary","1998","tonnes","32258475"
"Crops","United States of America","Production","Vegetables Primary","1999","tonnes","37012122"
"Crops","United States of America","Production","Vegetables Primary","2000","tonnes","37477819"
"Crops","United States of America","Production","Vegetables Primary","2001","tonnes","34694595"
"Crops","United States of America","Production","Vegetables Primary","2002","tonnes","36843187"
"Crops","United States of America","Production","Vegetables Primary","2003","tonnes","35769938"
"Crops","United States of America","Production","Vegetables Primary","2004","tonnes","37761911"
"Crops","United States of America","Production","Vegetables Primary","2005","tonnes","34902284"
"Crops","United States of America","Production","Vegetables Primary","2006","tonnes","35133099"
"Crops","United States of America","Production","Vegetables Primary","2007","tonnes","36558498"
"Crops","United States of America","Production","Vegetables Primary","2008","tonnes","34876077"
"Crops","United States of America","Production","Vegetables Primary","2009","tonnes","36639165"
"Crops","United States of America","Production","Vegetables Primary","2010","tonnes","34723852"
"Crops","United States of America","Production","Vegetables Primary","2011","tonnes","33970839"
"Crops","United States of America","Production","Vegetables Primary","2012","tonnes","35260078"
"Crops","United States of America","Production","Vegetables Primary","2013","tonnes","33637343"
"Crops","United States of America","Production","Vegetables Primary","2014","tonnes","35661325"
"Crops","United States of America","Production","Vegetables Primary","2015","tonnes","34472523"
"Crops","United States of America","Production","Vegetables Primary","2016","tonnes","34678865"
"Crops","United States of America","Production","Vegetables Primary","2017","tonnes","32623212"
