Domain,Country,Element,Item,Year,Unit,Value
"Food Balance Sheets","United States of America","Import Quantity","Cereals - Excluding Beer","1961","1000 tonnes","858"
"Food Balance Sheets","United States of America","Import Quantity","Cereals - Excluding Beer","1962","1000 tonnes","462"
"Food Balance Sheets","United States of America","Import Quantity","Cereals - Excluding Beer","1963","1000 tonnes","482"
"Food Balance Sheets","United States of America","Import Quantity","Cereals - Excluding Beer","1964","1000 tonnes","602"
"Food Balance Sheets","United States of America","Import Quantity","Cereals - Excluding Beer","1965","1000 tonnes","364"
"Food Balance Sheets","United States of America","Import Quantity","Cereals - Excluding Beer","1966","1000 tonnes","345"
"Food Balance Sheets","United States of America","Import Quantity","Cereals - Excluding Beer","1967","1000 tonnes","344"
"Food Balance Sheets","United States of America","Import Quantity","Cereals - Excluding Beer","1968","1000 tonnes","355"
"Food Balance Sheets","United States of America","Import Quantity","Cereals - Excluding Beer","1969","1000 tonnes","422"
"Food Balance Sheets","United States of America","Import Quantity","Cereals - Excluding Beer","1970","1000 tonnes","548"
"Food Balance Sheets","United States of America","Import Quantity","Cereals - Excluding Beer","1971","1000 tonnes","449"
"Food Balance Sheets","United States of America","Import Quantity","Cereals - Excluding Beer","1972","1000 tonnes","602"
"Food Balance Sheets","United States of America","Import Quantity","Cereals - Excluding Beer","1973","1000 tonnes","392"
"Food Balance Sheets","United States of America","Import Quantity","Cereals - Excluding Beer","1974","1000 tonnes","602"
"Food Balance Sheets","United States of America","Import Quantity","Cereals - Excluding Beer","1975","1000 tonnes","578"
"Food Balance Sheets","United States of America","Import Quantity","Cereals - Excluding Beer","1976","1000 tonnes","446"
"Food Balance Sheets","United States of America","Import Quantity","Cereals - Excluding Beer","1977","1000 tonnes","503"
"Food Balance Sheets","United States of America","Import Quantity","Cereals - Excluding Beer","1978","1000 tonnes","389"
"Food Balance Sheets","United States of America","Import Quantity","Cereals - Excluding Beer","1979","1000 tonnes","457"
"Food Balance Sheets","United States of America","Import Quantity","Cereals - Excluding Beer","1980","1000 tonnes","462"
"Food Balance Sheets","United States of America","Import Quantity","Cereals - Excluding Beer","1981","1000 tonnes","443"
"Food Balance Sheets","United States of America","Import Quantity","Cereals - Excluding Beer","1982","1000 tonnes","677"
"Food Balance Sheets","United States of America","Import Quantity","Cereals - Excluding Beer","1983","1000 tonnes","876"
"Food Balance Sheets","United States of America","Import Quantity","Cereals - Excluding Beer","1984","1000 tonnes","1131"
"Food Balance Sheets","United States of America","Import Quantity","Cereals - Excluding Beer","1985","1000 tonnes","1416"
"Food Balance Sheets","United States of America","Import Quantity","Cereals - Excluding Beer","1986","1000 tonnes","1657"
"Food Balance Sheets","United States of America","Import Quantity","Cereals - Excluding Beer","1987","1000 tonnes","1751"
"Food Balance Sheets","United States of America","Import Quantity","Cereals - Excluding Beer","1988","1000 tonnes","2246"
"Food Balance Sheets","United States of America","Import Quantity","Cereals - Excluding Beer","1989","1000 tonnes","2848"
"Food Balance Sheets","United States of America","Import Quantity","Cereals - Excluding Beer","1990","1000 tonnes","2801"
"Food Balance Sheets","United States of America","Import Quantity","Cereals - Excluding Beer","1991","1000 tonnes","3468"
"Food Balance Sheets","United States of America","Import Quantity","Cereals - Excluding Beer","1992","1000 tonnes","4421"
"Food Balance Sheets","United States of America","Import Quantity","Cereals - Excluding Beer","1993","1000 tonnes","5502"
"Food Balance Sheets","United States of America","Import Quantity","Cereals - Excluding Beer","1994","1000 tonnes","8414"
"Food Balance Sheets","United States of America","Import Quantity","Cereals - Excluding Beer","1995","1000 tonnes","6137"
"Food Balance Sheets","United States of America","Import Quantity","Cereals - Excluding Beer","1996","1000 tonnes","5588"
"Food Balance Sheets","United States of America","Import Quantity","Cereals - Excluding Beer","1997","1000 tonnes","7262"
"Food Balance Sheets","United States of America","Import Quantity","Cereals - Excluding Beer","1998","1000 tonnes","6745"
"Food Balance Sheets","United States of America","Import Quantity","Cereals - Excluding Beer","1999","1000 tonnes","7111"
"Food Balance Sheets","United States of America","Import Quantity","Cereals - Excluding Beer","2000","1000 tonnes","6768"
"Food Balance Sheets","United States of America","Import Quantity","Cereals - Excluding Beer","2001","1000 tonnes","7610"
"Food Balance Sheets","United States of America","Import Quantity","Cereals - Excluding Beer","2002","1000 tonnes","7172"
"Food Balance Sheets","United States of America","Import Quantity","Cereals - Excluding Beer","2003","1000 tonnes","6447"
"Food Balance Sheets","United States of America","Import Quantity","Cereals - Excluding Beer","2004","1000 tonnes","6711"
"Food Balance Sheets","United States of America","Import Quantity","Cereals - Excluding Beer","2005","1000 tonnes","6786"
"Food Balance Sheets","United States of America","Import Quantity","Cereals - Excluding Beer","2006","1000 tonnes","8022"
"Food Balance Sheets","United States of America","Import Quantity","Cereals - Excluding Beer","2007","1000 tonnes","9089"
"Food Balance Sheets","United States of America","Import Quantity","Cereals - Excluding Beer","2008","1000 tonnes","10059"
"Food Balance Sheets","United States of America","Import Quantity","Cereals - Excluding Beer","2009","1000 tonnes","8965"
"Food Balance Sheets","United States of America","Import Quantity","Cereals - Excluding Beer","2010","1000 tonnes","8759"
"Food Balance Sheets","United States of America","Import Quantity","Cereals - Excluding Beer","2011","1000 tonnes","8732"
"Food Balance Sheets","United States of America","Import Quantity","Cereals - Excluding Beer","2012","1000 tonnes","10902"
"Food Balance Sheets","United States of America","Import Quantity","Cereals - Excluding Beer","2013","1000 tonnes","13477"
"Food Balance Sheets","United States of America","Import Quantity","Starchy Roots","1961","1000 tonnes","646"
"Food Balance Sheets","United States of America","Import Quantity","Starchy Roots","1962","1000 tonnes","452"
"Food Balance Sheets","United States of America","Import Quantity","Starchy Roots","1963","1000 tonnes","625"
"Food Balance Sheets","United States of America","Import Quantity","Starchy Roots","1964","1000 tonnes","691"
"Food Balance Sheets","United States of America","Import Quantity","Starchy Roots","1965","1000 tonnes","884"
"Food Balance Sheets","United States of America","Import Quantity","Starchy Roots","1966","1000 tonnes","760"
"Food Balance Sheets","United States of America","Import Quantity","Starchy Roots","1967","1000 tonnes","622"
"Food Balance Sheets","United States of America","Import Quantity","Starchy Roots","1968","1000 tonnes","410"
"Food Balance Sheets","United States of America","Import Quantity","Starchy Roots","1969","1000 tonnes","445"
"Food Balance Sheets","United States of America","Import Quantity","Starchy Roots","1970","1000 tonnes","458"
"Food Balance Sheets","United States of America","Import Quantity","Starchy Roots","1971","1000 tonnes","401"
"Food Balance Sheets","United States of America","Import Quantity","Starchy Roots","1972","1000 tonnes","344"
"Food Balance Sheets","United States of America","Import Quantity","Starchy Roots","1973","1000 tonnes","352"
"Food Balance Sheets","United States of America","Import Quantity","Starchy Roots","1974","1000 tonnes","464"
"Food Balance Sheets","United States of America","Import Quantity","Starchy Roots","1975","1000 tonnes","275"
"Food Balance Sheets","United States of America","Import Quantity","Starchy Roots","1976","1000 tonnes","287"
"Food Balance Sheets","United States of America","Import Quantity","Starchy Roots","1977","1000 tonnes","247"
"Food Balance Sheets","United States of America","Import Quantity","Starchy Roots","1978","1000 tonnes","338"
"Food Balance Sheets","United States of America","Import Quantity","Starchy Roots","1979","1000 tonnes","305"
"Food Balance Sheets","United States of America","Import Quantity","Starchy Roots","1980","1000 tonnes","306"
"Food Balance Sheets","United States of America","Import Quantity","Starchy Roots","1981","1000 tonnes","520"
"Food Balance Sheets","United States of America","Import Quantity","Starchy Roots","1982","1000 tonnes","532"
"Food Balance Sheets","United States of America","Import Quantity","Starchy Roots","1983","1000 tonnes","398"
"Food Balance Sheets","United States of America","Import Quantity","Starchy Roots","1984","1000 tonnes","470"
"Food Balance Sheets","United States of America","Import Quantity","Starchy Roots","1985","1000 tonnes","659"
"Food Balance Sheets","United States of America","Import Quantity","Starchy Roots","1986","1000 tonnes","576"
"Food Balance Sheets","United States of America","Import Quantity","Starchy Roots","1987","1000 tonnes","676"
"Food Balance Sheets","United States of America","Import Quantity","Starchy Roots","1988","1000 tonnes","888"
"Food Balance Sheets","United States of America","Import Quantity","Starchy Roots","1989","1000 tonnes","1441"
"Food Balance Sheets","United States of America","Import Quantity","Starchy Roots","1990","1000 tonnes","1642"
"Food Balance Sheets","United States of America","Import Quantity","Starchy Roots","1991","1000 tonnes","1296"
"Food Balance Sheets","United States of America","Import Quantity","Starchy Roots","1992","1000 tonnes","1509"
"Food Balance Sheets","United States of America","Import Quantity","Starchy Roots","1993","1000 tonnes","1253"
"Food Balance Sheets","United States of America","Import Quantity","Starchy Roots","1994","1000 tonnes","1152"
"Food Balance Sheets","United States of America","Import Quantity","Starchy Roots","1995","1000 tonnes","1287"
"Food Balance Sheets","United States of America","Import Quantity","Starchy Roots","1996","1000 tonnes","1569"
"Food Balance Sheets","United States of America","Import Quantity","Starchy Roots","1997","1000 tonnes","1810"
"Food Balance Sheets","United States of America","Import Quantity","Starchy Roots","1998","1000 tonnes","2145"
"Food Balance Sheets","United States of America","Import Quantity","Starchy Roots","1999","1000 tonnes","2328"
"Food Balance Sheets","United States of America","Import Quantity","Starchy Roots","2000","1000 tonnes","2517"
"Food Balance Sheets","United States of America","Import Quantity","Starchy Roots","2001","1000 tonnes","2567"
"Food Balance Sheets","United States of America","Import Quantity","Starchy Roots","2002","1000 tonnes","3000"
"Food Balance Sheets","United States of America","Import Quantity","Starchy Roots","2003","1000 tonnes","3351"
"Food Balance Sheets","United States of America","Import Quantity","Starchy Roots","2004","1000 tonnes","3457"
"Food Balance Sheets","United States of America","Import Quantity","Starchy Roots","2005","1000 tonnes","3376"
"Food Balance Sheets","United States of America","Import Quantity","Starchy Roots","2006","1000 tonnes","3340"
"Food Balance Sheets","United States of America","Import Quantity","Starchy Roots","2007","1000 tonnes","3433"
"Food Balance Sheets","United States of America","Import Quantity","Starchy Roots","2008","1000 tonnes","3520"
"Food Balance Sheets","United States of America","Import Quantity","Starchy Roots","2009","1000 tonnes","3536"
"Food Balance Sheets","United States of America","Import Quantity","Starchy Roots","2010","1000 tonnes","3557"
"Food Balance Sheets","United States of America","Import Quantity","Starchy Roots","2011","1000 tonnes","3749"
"Food Balance Sheets","United States of America","Import Quantity","Starchy Roots","2012","1000 tonnes","4196"
"Food Balance Sheets","United States of America","Import Quantity","Starchy Roots","2013","1000 tonnes","4212"
"Food Balance Sheets","United States of America","Import Quantity","Oilcrops","1961","1000 tonnes","1770"
"Food Balance Sheets","United States of America","Import Quantity","Oilcrops","1962","1000 tonnes","1658"
"Food Balance Sheets","United States of America","Import Quantity","Oilcrops","1963","1000 tonnes","1340"
"Food Balance Sheets","United States of America","Import Quantity","Oilcrops","1964","1000 tonnes","1403"
"Food Balance Sheets","United States of America","Import Quantity","Oilcrops","1965","1000 tonnes","1469"
"Food Balance Sheets","United States of America","Import Quantity","Oilcrops","1966","1000 tonnes","1356"
"Food Balance Sheets","United States of America","Import Quantity","Oilcrops","1967","1000 tonnes","1460"
"Food Balance Sheets","United States of America","Import Quantity","Oilcrops","1968","1000 tonnes","1640"
"Food Balance Sheets","United States of America","Import Quantity","Oilcrops","1969","1000 tonnes","1434"
"Food Balance Sheets","United States of America","Import Quantity","Oilcrops","1970","1000 tonnes","1153"
"Food Balance Sheets","United States of America","Import Quantity","Oilcrops","1971","1000 tonnes","1166"
"Food Balance Sheets","United States of America","Import Quantity","Oilcrops","1972","1000 tonnes","1268"
"Food Balance Sheets","United States of America","Import Quantity","Oilcrops","1973","1000 tonnes","1173"
"Food Balance Sheets","United States of America","Import Quantity","Oilcrops","1974","1000 tonnes","464"
"Food Balance Sheets","United States of America","Import Quantity","Oilcrops","1975","1000 tonnes","334"
"Food Balance Sheets","United States of America","Import Quantity","Oilcrops","1976","1000 tonnes","407"
"Food Balance Sheets","United States of America","Import Quantity","Oilcrops","1977","1000 tonnes","397"
"Food Balance Sheets","United States of America","Import Quantity","Oilcrops","1978","1000 tonnes","405"
"Food Balance Sheets","United States of America","Import Quantity","Oilcrops","1979","1000 tonnes","394"
"Food Balance Sheets","United States of America","Import Quantity","Oilcrops","1980","1000 tonnes","394"
"Food Balance Sheets","United States of America","Import Quantity","Oilcrops","1981","1000 tonnes","641"
"Food Balance Sheets","United States of America","Import Quantity","Oilcrops","1982","1000 tonnes","449"
"Food Balance Sheets","United States of America","Import Quantity","Oilcrops","1983","1000 tonnes","516"
"Food Balance Sheets","United States of America","Import Quantity","Oilcrops","1984","1000 tonnes","470"
"Food Balance Sheets","United States of America","Import Quantity","Oilcrops","1985","1000 tonnes","575"
"Food Balance Sheets","United States of America","Import Quantity","Oilcrops","1986","1000 tonnes","470"
"Food Balance Sheets","United States of America","Import Quantity","Oilcrops","1987","1000 tonnes","546"
"Food Balance Sheets","United States of America","Import Quantity","Oilcrops","1988","1000 tonnes","601"
"Food Balance Sheets","United States of America","Import Quantity","Oilcrops","1989","1000 tonnes","786"
"Food Balance Sheets","United States of America","Import Quantity","Oilcrops","1990","1000 tonnes","800"
"Food Balance Sheets","United States of America","Import Quantity","Oilcrops","1991","1000 tonnes","700"
"Food Balance Sheets","United States of America","Import Quantity","Oilcrops","1992","1000 tonnes","735"
"Food Balance Sheets","United States of America","Import Quantity","Oilcrops","1993","1000 tonnes","840"
"Food Balance Sheets","United States of America","Import Quantity","Oilcrops","1994","1000 tonnes","1243"
"Food Balance Sheets","United States of America","Import Quantity","Oilcrops","1995","1000 tonnes","1044"
"Food Balance Sheets","United States of America","Import Quantity","Oilcrops","1996","1000 tonnes","1105"
"Food Balance Sheets","United States of America","Import Quantity","Oilcrops","1997","1000 tonnes","1401"
"Food Balance Sheets","United States of America","Import Quantity","Oilcrops","1998","1000 tonnes","1393"
"Food Balance Sheets","United States of America","Import Quantity","Oilcrops","1999","1000 tonnes","1359"
"Food Balance Sheets","United States of America","Import Quantity","Oilcrops","2000","1000 tonnes","1539"
"Food Balance Sheets","United States of America","Import Quantity","Oilcrops","2001","1000 tonnes","1410"
"Food Balance Sheets","United States of America","Import Quantity","Oilcrops","2002","1000 tonnes","1266"
"Food Balance Sheets","United States of America","Import Quantity","Oilcrops","2003","1000 tonnes","1075"
"Food Balance Sheets","United States of America","Import Quantity","Oilcrops","2004","1000 tonnes","1349"
"Food Balance Sheets","United States of America","Import Quantity","Oilcrops","2005","1000 tonnes","1477"
"Food Balance Sheets","United States of America","Import Quantity","Oilcrops","2006","1000 tonnes","1648"
"Food Balance Sheets","United States of America","Import Quantity","Oilcrops","2007","1000 tonnes","1897"
"Food Balance Sheets","United States of America","Import Quantity","Oilcrops","2008","1000 tonnes","2137"
"Food Balance Sheets","United States of America","Import Quantity","Oilcrops","2009","1000 tonnes","1801"
"Food Balance Sheets","United States of America","Import Quantity","Oilcrops","2010","1000 tonnes","1871"
"Food Balance Sheets","United States of America","Import Quantity","Oilcrops","2011","1000 tonnes","1988"
"Food Balance Sheets","United States of America","Import Quantity","Oilcrops","2012","1000 tonnes","2014"
"Food Balance Sheets","United States of America","Import Quantity","Oilcrops","2013","1000 tonnes","2897"
"Food Balance Sheets","United States of America","Import Quantity","Vegetable Oils","1961","1000 tonnes","254"
"Food Balance Sheets","United States of America","Import Quantity","Vegetable Oils","1962","1000 tonnes","300"
"Food Balance Sheets","United States of America","Import Quantity","Vegetable Oils","1963","1000 tonnes","308"
"Food Balance Sheets","United States of America","Import Quantity","Vegetable Oils","1964","1000 tonnes","338"
"Food Balance Sheets","United States of America","Import Quantity","Vegetable Oils","1965","1000 tonnes","328"
"Food Balance Sheets","United States of America","Import Quantity","Vegetable Oils","1966","1000 tonnes","463"
"Food Balance Sheets","United States of America","Import Quantity","Vegetable Oils","1967","1000 tonnes","374"
"Food Balance Sheets","United States of America","Import Quantity","Vegetable Oils","1968","1000 tonnes","443"
"Food Balance Sheets","United States of America","Import Quantity","Vegetable Oils","1969","1000 tonnes","469"
"Food Balance Sheets","United States of America","Import Quantity","Vegetable Oils","1970","1000 tonnes","474"
"Food Balance Sheets","United States of America","Import Quantity","Vegetable Oils","1971","1000 tonnes","524"
"Food Balance Sheets","United States of America","Import Quantity","Vegetable Oils","1972","1000 tonnes","698"
"Food Balance Sheets","United States of America","Import Quantity","Vegetable Oils","1973","1000 tonnes","592"
"Food Balance Sheets","United States of America","Import Quantity","Vegetable Oils","1974","1000 tonnes","664"
"Food Balance Sheets","United States of America","Import Quantity","Vegetable Oils","1975","1000 tonnes","1028"
"Food Balance Sheets","United States of America","Import Quantity","Vegetable Oils","1976","1000 tonnes","1140"
"Food Balance Sheets","United States of America","Import Quantity","Vegetable Oils","1977","1000 tonnes","914"
"Food Balance Sheets","United States of America","Import Quantity","Vegetable Oils","1978","1000 tonnes","823"
"Food Balance Sheets","United States of America","Import Quantity","Vegetable Oils","1979","1000 tonnes","861"
"Food Balance Sheets","United States of America","Import Quantity","Vegetable Oils","1980","1000 tonnes","730"
"Food Balance Sheets","United States of America","Import Quantity","Vegetable Oils","1981","1000 tonnes","786"
"Food Balance Sheets","United States of America","Import Quantity","Vegetable Oils","1982","1000 tonnes","738"
"Food Balance Sheets","United States of America","Import Quantity","Vegetable Oils","1983","1000 tonnes","905"
"Food Balance Sheets","United States of America","Import Quantity","Vegetable Oils","1984","1000 tonnes","797"
"Food Balance Sheets","United States of America","Import Quantity","Vegetable Oils","1985","1000 tonnes","1046"
"Food Balance Sheets","United States of America","Import Quantity","Vegetable Oils","1986","1000 tonnes","1286"
"Food Balance Sheets","United States of America","Import Quantity","Vegetable Oils","1987","1000 tonnes","1264"
"Food Balance Sheets","United States of America","Import Quantity","Vegetable Oils","1988","1000 tonnes","1580"
"Food Balance Sheets","United States of America","Import Quantity","Vegetable Oils","1989","1000 tonnes","1186"
"Food Balance Sheets","United States of America","Import Quantity","Vegetable Oils","1990","1000 tonnes","1475"
"Food Balance Sheets","United States of America","Import Quantity","Vegetable Oils","1991","1000 tonnes","1446"
"Food Balance Sheets","United States of America","Import Quantity","Vegetable Oils","1992","1000 tonnes","1637"
"Food Balance Sheets","United States of America","Import Quantity","Vegetable Oils","1993","1000 tonnes","1670"
"Food Balance Sheets","United States of America","Import Quantity","Vegetable Oils","1994","1000 tonnes","1673"
"Food Balance Sheets","United States of America","Import Quantity","Vegetable Oils","1995","1000 tonnes","1558"
"Food Balance Sheets","United States of America","Import Quantity","Vegetable Oils","1996","1000 tonnes","1721"
"Food Balance Sheets","United States of America","Import Quantity","Vegetable Oils","1997","1000 tonnes","1848"
"Food Balance Sheets","United States of America","Import Quantity","Vegetable Oils","1998","1000 tonnes","1867"
"Food Balance Sheets","United States of America","Import Quantity","Vegetable Oils","1999","1000 tonnes","1697"
"Food Balance Sheets","United States of America","Import Quantity","Vegetable Oils","2000","1000 tonnes","1930"
"Food Balance Sheets","United States of America","Import Quantity","Vegetable Oils","2001","1000 tonnes","1936"
"Food Balance Sheets","United States of America","Import Quantity","Vegetable Oils","2002","1000 tonnes","2059"
"Food Balance Sheets","United States of America","Import Quantity","Vegetable Oils","2003","1000 tonnes","1888"
"Food Balance Sheets","United States of America","Import Quantity","Vegetable Oils","2004","1000 tonnes","2371"
"Food Balance Sheets","United States of America","Import Quantity","Vegetable Oils","2005","1000 tonnes","2396"
"Food Balance Sheets","United States of America","Import Quantity","Vegetable Oils","2006","1000 tonnes","2908"
"Food Balance Sheets","United States of America","Import Quantity","Vegetable Oils","2007","1000 tonnes","3173"
"Food Balance Sheets","United States of America","Import Quantity","Vegetable Oils","2008","1000 tonnes","3721"
"Food Balance Sheets","United States of America","Import Quantity","Vegetable Oils","2009","1000 tonnes","3562"
"Food Balance Sheets","United States of America","Import Quantity","Vegetable Oils","2010","1000 tonnes","3796"
"Food Balance Sheets","United States of America","Import Quantity","Vegetable Oils","2011","1000 tonnes","4425"
"Food Balance Sheets","United States of America","Import Quantity","Vegetable Oils","2012","1000 tonnes","4233"
"Food Balance Sheets","United States of America","Import Quantity","Vegetable Oils","2013","1000 tonnes","4616"
"Food Balance Sheets","United States of America","Import Quantity","Vegetables","1961","1000 tonnes","464"
"Food Balance Sheets","United States of America","Import Quantity","Vegetables","1962","1000 tonnes","503"
"Food Balance Sheets","United States of America","Import Quantity","Vegetables","1963","1000 tonnes","472"
"Food Balance Sheets","United States of America","Import Quantity","Vegetables","1964","1000 tonnes","471"
"Food Balance Sheets","United States of America","Import Quantity","Vegetables","1965","1000 tonnes","519"
"Food Balance Sheets","United States of America","Import Quantity","Vegetables","1966","1000 tonnes","613"
"Food Balance Sheets","United States of America","Import Quantity","Vegetables","1967","1000 tonnes","586"
"Food Balance Sheets","United States of America","Import Quantity","Vegetables","1968","1000 tonnes","579"
"Food Balance Sheets","United States of America","Import Quantity","Vegetables","1969","1000 tonnes","818"
"Food Balance Sheets","United States of America","Import Quantity","Vegetables","1970","1000 tonnes","1004"
"Food Balance Sheets","United States of America","Import Quantity","Vegetables","1971","1000 tonnes","997"
"Food Balance Sheets","United States of America","Import Quantity","Vegetables","1972","1000 tonnes","948"
"Food Balance Sheets","United States of America","Import Quantity","Vegetables","1973","1000 tonnes","1250"
"Food Balance Sheets","United States of America","Import Quantity","Vegetables","1974","1000 tonnes","1046"
"Food Balance Sheets","United States of America","Import Quantity","Vegetables","1975","1000 tonnes","967"
"Food Balance Sheets","United States of America","Import Quantity","Vegetables","1976","1000 tonnes","1173"
"Food Balance Sheets","United States of America","Import Quantity","Vegetables","1977","1000 tonnes","1325"
"Food Balance Sheets","United States of America","Import Quantity","Vegetables","1978","1000 tonnes","1449"
"Food Balance Sheets","United States of America","Import Quantity","Vegetables","1979","1000 tonnes","1449"
"Food Balance Sheets","United States of America","Import Quantity","Vegetables","1980","1000 tonnes","1390"
"Food Balance Sheets","United States of America","Import Quantity","Vegetables","1981","1000 tonnes","1476"
"Food Balance Sheets","United States of America","Import Quantity","Vegetables","1982","1000 tonnes","1925"
"Food Balance Sheets","United States of America","Import Quantity","Vegetables","1983","1000 tonnes","1736"
"Food Balance Sheets","United States of America","Import Quantity","Vegetables","1984","1000 tonnes","2234"
"Food Balance Sheets","United States of America","Import Quantity","Vegetables","1985","1000 tonnes","2161"
"Food Balance Sheets","United States of America","Import Quantity","Vegetables","1986","1000 tonnes","2313"
"Food Balance Sheets","United States of America","Import Quantity","Vegetables","1987","1000 tonnes","2487"
"Food Balance Sheets","United States of America","Import Quantity","Vegetables","1988","1000 tonnes","2469"
"Food Balance Sheets","United States of America","Import Quantity","Vegetables","1989","1000 tonnes","3010"
"Food Balance Sheets","United States of America","Import Quantity","Vegetables","1990","1000 tonnes","2734"
"Food Balance Sheets","United States of America","Import Quantity","Vegetables","1991","1000 tonnes","2734"
"Food Balance Sheets","United States of America","Import Quantity","Vegetables","1992","1000 tonnes","2449"
"Food Balance Sheets","United States of America","Import Quantity","Vegetables","1993","1000 tonnes","2885"
"Food Balance Sheets","United States of America","Import Quantity","Vegetables","1994","1000 tonnes","3192"
"Food Balance Sheets","United States of America","Import Quantity","Vegetables","1995","1000 tonnes","3601"
"Food Balance Sheets","United States of America","Import Quantity","Vegetables","1996","1000 tonnes","4019"
"Food Balance Sheets","United States of America","Import Quantity","Vegetables","1997","1000 tonnes","4280"
"Food Balance Sheets","United States of America","Import Quantity","Vegetables","1998","1000 tonnes","4797"
"Food Balance Sheets","United States of America","Import Quantity","Vegetables","1999","1000 tonnes","5005"
"Food Balance Sheets","United States of America","Import Quantity","Vegetables","2000","1000 tonnes","4732"
"Food Balance Sheets","United States of America","Import Quantity","Vegetables","2001","1000 tonnes","5097"
"Food Balance Sheets","United States of America","Import Quantity","Vegetables","2002","1000 tonnes","5381"
"Food Balance Sheets","United States of America","Import Quantity","Vegetables","2003","1000 tonnes","5674"
"Food Balance Sheets","United States of America","Import Quantity","Vegetables","2004","1000 tonnes","5910"
"Food Balance Sheets","United States of America","Import Quantity","Vegetables","2005","1000 tonnes","6175"
"Food Balance Sheets","United States of America","Import Quantity","Vegetables","2006","1000 tonnes","6624"
"Food Balance Sheets","United States of America","Import Quantity","Vegetables","2007","1000 tonnes","7114"
"Food Balance Sheets","United States of America","Import Quantity","Vegetables","2008","1000 tonnes","7222"
"Food Balance Sheets","United States of America","Import Quantity","Vegetables","2009","1000 tonnes","7362"
"Food Balance Sheets","United States of America","Import Quantity","Vegetables","2010","1000 tonnes","8137"
"Food Balance Sheets","United States of America","Import Quantity","Vegetables","2011","1000 tonnes","8371"
"Food Balance Sheets","United States of America","Import Quantity","Vegetables","2012","1000 tonnes","8525"
"Food Balance Sheets","United States of America","Import Quantity","Vegetables","2013","1000 tonnes","8967"
"Food Balance Sheets","United States of America","Import Quantity","Fruits - Excluding Wine","1961","1000 tonnes","1829"
"Food Balance Sheets","United States of America","Import Quantity","Fruits - Excluding Wine","1962","1000 tonnes","1619"
"Food Balance Sheets","United States of America","Import Quantity","Fruits - Excluding Wine","1963","1000 tonnes","1933"
"Food Balance Sheets","United States of America","Import Quantity","Fruits - Excluding Wine","1964","1000 tonnes","2153"
"Food Balance Sheets","United States of America","Import Quantity","Fruits - Excluding Wine","1965","1000 tonnes","2118"
"Food Balance Sheets","United States of America","Import Quantity","Fruits - Excluding Wine","1966","1000 tonnes","2165"
"Food Balance Sheets","United States of America","Import Quantity","Fruits - Excluding Wine","1967","1000 tonnes","2157"
"Food Balance Sheets","United States of America","Import Quantity","Fruits - Excluding Wine","1968","1000 tonnes","2506"
"Food Balance Sheets","United States of America","Import Quantity","Fruits - Excluding Wine","1969","1000 tonnes","2421"
"Food Balance Sheets","United States of America","Import Quantity","Fruits - Excluding Wine","1970","1000 tonnes","2627"
"Food Balance Sheets","United States of America","Import Quantity","Fruits - Excluding Wine","1971","1000 tonnes","3175"
"Food Balance Sheets","United States of America","Import Quantity","Fruits - Excluding Wine","1972","1000 tonnes","3304"
"Food Balance Sheets","United States of America","Import Quantity","Fruits - Excluding Wine","1973","1000 tonnes","3138"
"Food Balance Sheets","United States of America","Import Quantity","Fruits - Excluding Wine","1974","1000 tonnes","3134"
"Food Balance Sheets","United States of America","Import Quantity","Fruits - Excluding Wine","1975","1000 tonnes","3144"
"Food Balance Sheets","United States of America","Import Quantity","Fruits - Excluding Wine","1976","1000 tonnes","3496"
"Food Balance Sheets","United States of America","Import Quantity","Fruits - Excluding Wine","1977","1000 tonnes","4067"
"Food Balance Sheets","United States of America","Import Quantity","Fruits - Excluding Wine","1978","1000 tonnes","5031"
"Food Balance Sheets","United States of America","Import Quantity","Fruits - Excluding Wine","1979","1000 tonnes","5422"
"Food Balance Sheets","United States of America","Import Quantity","Fruits - Excluding Wine","1980","1000 tonnes","4524"
"Food Balance Sheets","United States of America","Import Quantity","Fruits - Excluding Wine","1981","1000 tonnes","6876"
"Food Balance Sheets","United States of America","Import Quantity","Fruits - Excluding Wine","1982","1000 tonnes","7804"
"Food Balance Sheets","United States of America","Import Quantity","Fruits - Excluding Wine","1983","1000 tonnes","8647"
"Food Balance Sheets","United States of America","Import Quantity","Fruits - Excluding Wine","1984","1000 tonnes","11958"
"Food Balance Sheets","United States of America","Import Quantity","Fruits - Excluding Wine","1985","1000 tonnes","11073"
"Food Balance Sheets","United States of America","Import Quantity","Fruits - Excluding Wine","1986","1000 tonnes","14171"
"Food Balance Sheets","United States of America","Import Quantity","Fruits - Excluding Wine","1987","1000 tonnes","13624"
"Food Balance Sheets","United States of America","Import Quantity","Fruits - Excluding Wine","1988","1000 tonnes","12073"
"Food Balance Sheets","United States of America","Import Quantity","Fruits - Excluding Wine","1989","1000 tonnes","10940"
"Food Balance Sheets","United States of America","Import Quantity","Fruits - Excluding Wine","1990","1000 tonnes","15660"
"Food Balance Sheets","United States of America","Import Quantity","Fruits - Excluding Wine","1991","1000 tonnes","12163"
"Food Balance Sheets","United States of America","Import Quantity","Fruits - Excluding Wine","1992","1000 tonnes","12697"
"Food Balance Sheets","United States of America","Import Quantity","Fruits - Excluding Wine","1993","1000 tonnes","12676"
"Food Balance Sheets","United States of America","Import Quantity","Fruits - Excluding Wine","1994","1000 tonnes","13203"
"Food Balance Sheets","United States of America","Import Quantity","Fruits - Excluding Wine","1995","1000 tonnes","11883"
"Food Balance Sheets","United States of America","Import Quantity","Fruits - Excluding Wine","1996","1000 tonnes","13111"
"Food Balance Sheets","United States of America","Import Quantity","Fruits - Excluding Wine","1997","1000 tonnes","13520"
"Food Balance Sheets","United States of America","Import Quantity","Fruits - Excluding Wine","1998","1000 tonnes","13672"
"Food Balance Sheets","United States of America","Import Quantity","Fruits - Excluding Wine","1999","1000 tonnes","15421"
"Food Balance Sheets","United States of America","Import Quantity","Fruits - Excluding Wine","2000","1000 tonnes","16065"
"Food Balance Sheets","United States of America","Import Quantity","Fruits - Excluding Wine","2001","1000 tonnes","14534"
"Food Balance Sheets","United States of America","Import Quantity","Fruits - Excluding Wine","2002","1000 tonnes","14358"
"Food Balance Sheets","United States of America","Import Quantity","Fruits - Excluding Wine","2003","1000 tonnes","16557"
"Food Balance Sheets","United States of America","Import Quantity","Fruits - Excluding Wine","2004","1000 tonnes","16106"
"Food Balance Sheets","United States of America","Import Quantity","Fruits - Excluding Wine","2005","1000 tonnes","17731"
"Food Balance Sheets","United States of America","Import Quantity","Fruits - Excluding Wine","2006","1000 tonnes","17311"
"Food Balance Sheets","United States of America","Import Quantity","Fruits - Excluding Wine","2007","1000 tonnes","20126"
"Food Balance Sheets","United States of America","Import Quantity","Fruits - Excluding Wine","2008","1000 tonnes","20075"
"Food Balance Sheets","United States of America","Import Quantity","Fruits - Excluding Wine","2009","1000 tonnes","19161"
"Food Balance Sheets","United States of America","Import Quantity","Fruits - Excluding Wine","2010","1000 tonnes","19256"
"Food Balance Sheets","United States of America","Import Quantity","Fruits - Excluding Wine","2011","1000 tonnes","17616"
"Food Balance Sheets","United States of America","Import Quantity","Fruits - Excluding Wine","2012","1000 tonnes","18239"
"Food Balance Sheets","United States of America","Import Quantity","Fruits - Excluding Wine","2013","1000 tonnes","19496"
"Food Balance Sheets","United States of America","Import Quantity","Alcoholic Beverages","1961","1000 tonnes","252"
"Food Balance Sheets","United States of America","Import Quantity","Alcoholic Beverages","1962","1000 tonnes","266"
"Food Balance Sheets","United States of America","Import Quantity","Alcoholic Beverages","1963","1000 tonnes","269"
"Food Balance Sheets","United States of America","Import Quantity","Alcoholic Beverages","1964","1000 tonnes","277"
"Food Balance Sheets","United States of America","Import Quantity","Alcoholic Beverages","1965","1000 tonnes","283"
"Food Balance Sheets","United States of America","Import Quantity","Alcoholic Beverages","1966","1000 tonnes","309"
"Food Balance Sheets","United States of America","Import Quantity","Alcoholic Beverages","1967","1000 tonnes","333"
"Food Balance Sheets","United States of America","Import Quantity","Alcoholic Beverages","1968","1000 tonnes","398"
"Food Balance Sheets","United States of America","Import Quantity","Alcoholic Beverages","1969","1000 tonnes","407"
"Food Balance Sheets","United States of America","Import Quantity","Alcoholic Beverages","1970","1000 tonnes","469"
"Food Balance Sheets","United States of America","Import Quantity","Alcoholic Beverages","1971","1000 tonnes","514"
"Food Balance Sheets","United States of America","Import Quantity","Alcoholic Beverages","1972","1000 tonnes","562"
"Food Balance Sheets","United States of America","Import Quantity","Alcoholic Beverages","1973","1000 tonnes","647"
"Food Balance Sheets","United States of America","Import Quantity","Alcoholic Beverages","1974","1000 tonnes","676"
"Food Balance Sheets","United States of America","Import Quantity","Alcoholic Beverages","1975","1000 tonnes","692"
"Food Balance Sheets","United States of America","Import Quantity","Alcoholic Beverages","1976","1000 tonnes","810"
"Food Balance Sheets","United States of America","Import Quantity","Alcoholic Beverages","1977","1000 tonnes","875"
"Food Balance Sheets","United States of America","Import Quantity","Alcoholic Beverages","1978","1000 tonnes","1115"
"Food Balance Sheets","United States of America","Import Quantity","Alcoholic Beverages","1979","1000 tonnes","1193"
"Food Balance Sheets","United States of America","Import Quantity","Alcoholic Beverages","1980","1000 tonnes","1244"
"Food Balance Sheets","United States of America","Import Quantity","Alcoholic Beverages","1981","1000 tonnes","1365"
"Food Balance Sheets","United States of America","Import Quantity","Alcoholic Beverages","1982","1000 tonnes","1436"
"Food Balance Sheets","United States of America","Import Quantity","Alcoholic Beverages","1983","1000 tonnes","1741"
"Food Balance Sheets","United States of America","Import Quantity","Alcoholic Beverages","1984","1000 tonnes","2314"
"Food Balance Sheets","United States of America","Import Quantity","Alcoholic Beverages","1985","1000 tonnes","2431"
"Food Balance Sheets","United States of America","Import Quantity","Alcoholic Beverages","1986","1000 tonnes","2301"
"Food Balance Sheets","United States of America","Import Quantity","Alcoholic Beverages","1987","1000 tonnes","2316"
"Food Balance Sheets","United States of America","Import Quantity","Alcoholic Beverages","1988","1000 tonnes","2295"
"Food Balance Sheets","United States of America","Import Quantity","Alcoholic Beverages","1989","1000 tonnes","2171"
"Food Balance Sheets","United States of America","Import Quantity","Alcoholic Beverages","1990","1000 tonnes","2107"
"Food Balance Sheets","United States of America","Import Quantity","Alcoholic Beverages","1991","1000 tonnes","1899"
"Food Balance Sheets","United States of America","Import Quantity","Alcoholic Beverages","1992","1000 tonnes","2115"
"Food Balance Sheets","United States of America","Import Quantity","Alcoholic Beverages","1993","1000 tonnes","2290"
"Food Balance Sheets","United States of America","Import Quantity","Alcoholic Beverages","1994","1000 tonnes","2473"
"Food Balance Sheets","United States of America","Import Quantity","Alcoholic Beverages","1995","1000 tonnes","2613"
"Food Balance Sheets","United States of America","Import Quantity","Alcoholic Beverages","1996","1000 tonnes","2907"
"Food Balance Sheets","United States of America","Import Quantity","Alcoholic Beverages","1997","1000 tonnes","2980"
"Food Balance Sheets","United States of America","Import Quantity","Alcoholic Beverages","1998","1000 tonnes","3332"
"Food Balance Sheets","United States of America","Import Quantity","Alcoholic Beverages","1999","1000 tonnes","3510"
"Food Balance Sheets","United States of America","Import Quantity","Alcoholic Beverages","2000","1000 tonnes","3908"
"Food Balance Sheets","United States of America","Import Quantity","Alcoholic Beverages","2001","1000 tonnes","4079"
"Food Balance Sheets","United States of America","Import Quantity","Alcoholic Beverages","2002","1000 tonnes","4315"
"Food Balance Sheets","United States of America","Import Quantity","Alcoholic Beverages","2003","1000 tonnes","4602"
"Food Balance Sheets","United States of America","Import Quantity","Alcoholic Beverages","2004","1000 tonnes","4888"
"Food Balance Sheets","United States of America","Import Quantity","Alcoholic Beverages","2005","1000 tonnes","5076"
"Food Balance Sheets","United States of America","Import Quantity","Alcoholic Beverages","2006","1000 tonnes","7540"
"Food Balance Sheets","United States of America","Import Quantity","Alcoholic Beverages","2007","1000 tonnes","6910"
"Food Balance Sheets","United States of America","Import Quantity","Alcoholic Beverages","2008","1000 tonnes","7027"
"Food Balance Sheets","United States of America","Import Quantity","Alcoholic Beverages","2009","1000 tonnes","5862"
"Food Balance Sheets","United States of America","Import Quantity","Alcoholic Beverages","2010","1000 tonnes","5675"
"Food Balance Sheets","United States of America","Import Quantity","Alcoholic Beverages","2011","1000 tonnes","6160"
"Food Balance Sheets","United States of America","Import Quantity","Alcoholic Beverages","2012","1000 tonnes","7691"
"Food Balance Sheets","United States of America","Import Quantity","Alcoholic Beverages","2013","1000 tonnes","7136"
"Food Balance Sheets","United States of America","Import Quantity","Milk - Excluding Butter","1961","1000 tonnes","2292"
"Food Balance Sheets","United States of America","Import Quantity","Milk - Excluding Butter","1962","1000 tonnes","2135"
"Food Balance Sheets","United States of America","Import Quantity","Milk - Excluding Butter","1963","1000 tonnes","1989"
"Food Balance Sheets","United States of America","Import Quantity","Milk - Excluding Butter","1964","1000 tonnes","2158"
"Food Balance Sheets","United States of America","Import Quantity","Milk - Excluding Butter","1965","1000 tonnes","1789"
"Food Balance Sheets","United States of America","Import Quantity","Milk - Excluding Butter","1966","1000 tonnes","2281"
"Food Balance Sheets","United States of America","Import Quantity","Milk - Excluding Butter","1967","1000 tonnes","2321"
"Food Balance Sheets","United States of America","Import Quantity","Milk - Excluding Butter","1968","1000 tonnes","2608"
"Food Balance Sheets","United States of America","Import Quantity","Milk - Excluding Butter","1969","1000 tonnes","2373"
"Food Balance Sheets","United States of America","Import Quantity","Milk - Excluding Butter","1970","1000 tonnes","2685"
"Food Balance Sheets","United States of America","Import Quantity","Milk - Excluding Butter","1971","1000 tonnes","2115"
"Food Balance Sheets","United States of America","Import Quantity","Milk - Excluding Butter","1972","1000 tonnes","2318"
"Food Balance Sheets","United States of America","Import Quantity","Milk - Excluding Butter","1973","1000 tonnes","4038"
"Food Balance Sheets","United States of America","Import Quantity","Milk - Excluding Butter","1974","1000 tonnes","3853"
"Food Balance Sheets","United States of America","Import Quantity","Milk - Excluding Butter","1975","1000 tonnes","1549"
"Food Balance Sheets","United States of America","Import Quantity","Milk - Excluding Butter","1976","1000 tonnes","2516"
"Food Balance Sheets","United States of America","Import Quantity","Milk - Excluding Butter","1977","1000 tonnes","3028"
"Food Balance Sheets","United States of America","Import Quantity","Milk - Excluding Butter","1978","1000 tonnes","3012"
"Food Balance Sheets","United States of America","Import Quantity","Milk - Excluding Butter","1979","1000 tonnes","3183"
"Food Balance Sheets","United States of America","Import Quantity","Milk - Excluding Butter","1980","1000 tonnes","3187"
"Food Balance Sheets","United States of America","Import Quantity","Milk - Excluding Butter","1981","1000 tonnes","3034"
"Food Balance Sheets","United States of America","Import Quantity","Milk - Excluding Butter","1982","1000 tonnes","3749"
"Food Balance Sheets","United States of America","Import Quantity","Milk - Excluding Butter","1983","1000 tonnes","3802"
"Food Balance Sheets","United States of America","Import Quantity","Milk - Excluding Butter","1984","1000 tonnes","4306"
"Food Balance Sheets","United States of America","Import Quantity","Milk - Excluding Butter","1985","1000 tonnes","4914"
"Food Balance Sheets","United States of America","Import Quantity","Milk - Excluding Butter","1986","1000 tonnes","4744"
"Food Balance Sheets","United States of America","Import Quantity","Milk - Excluding Butter","1987","1000 tonnes","4997"
"Food Balance Sheets","United States of America","Import Quantity","Milk - Excluding Butter","1988","1000 tonnes","4024"
"Food Balance Sheets","United States of America","Import Quantity","Milk - Excluding Butter","1989","1000 tonnes","4386"
"Food Balance Sheets","United States of America","Import Quantity","Milk - Excluding Butter","1990","1000 tonnes","4727"
"Food Balance Sheets","United States of America","Import Quantity","Milk - Excluding Butter","1991","1000 tonnes","4751"
"Food Balance Sheets","United States of America","Import Quantity","Milk - Excluding Butter","1992","1000 tonnes","5211"
"Food Balance Sheets","United States of America","Import Quantity","Milk - Excluding Butter","1993","1000 tonnes","4270"
"Food Balance Sheets","United States of America","Import Quantity","Milk - Excluding Butter","1994","1000 tonnes","4271"
"Food Balance Sheets","United States of America","Import Quantity","Milk - Excluding Butter","1995","1000 tonnes","3818"
"Food Balance Sheets","United States of America","Import Quantity","Milk - Excluding Butter","1996","1000 tonnes","4737"
"Food Balance Sheets","United States of America","Import Quantity","Milk - Excluding Butter","1997","1000 tonnes","4419"
"Food Balance Sheets","United States of America","Import Quantity","Milk - Excluding Butter","1998","1000 tonnes","5068"
"Food Balance Sheets","United States of America","Import Quantity","Milk - Excluding Butter","1999","1000 tonnes","4886"
"Food Balance Sheets","United States of America","Import Quantity","Milk - Excluding Butter","2000","1000 tonnes","5137"
"Food Balance Sheets","United States of America","Import Quantity","Milk - Excluding Butter","2001","1000 tonnes","4439"
"Food Balance Sheets","United States of America","Import Quantity","Milk - Excluding Butter","2002","1000 tonnes","4497"
"Food Balance Sheets","United States of America","Import Quantity","Milk - Excluding Butter","2003","1000 tonnes","4911"
"Food Balance Sheets","United States of America","Import Quantity","Milk - Excluding Butter","2004","1000 tonnes","5108"
"Food Balance Sheets","United States of America","Import Quantity","Milk - Excluding Butter","2005","1000 tonnes","5120"
"Food Balance Sheets","United States of America","Import Quantity","Milk - Excluding Butter","2006","1000 tonnes","4207"
"Food Balance Sheets","United States of America","Import Quantity","Milk - Excluding Butter","2007","1000 tonnes","4749"
"Food Balance Sheets","United States of America","Import Quantity","Milk - Excluding Butter","2008","1000 tonnes","4399"
"Food Balance Sheets","United States of America","Import Quantity","Milk - Excluding Butter","2009","1000 tonnes","3526"
"Food Balance Sheets","United States of America","Import Quantity","Milk - Excluding Butter","2010","1000 tonnes","2964"
"Food Balance Sheets","United States of America","Import Quantity","Milk - Excluding Butter","2011","1000 tonnes","3532"
"Food Balance Sheets","United States of America","Import Quantity","Milk - Excluding Butter","2012","1000 tonnes","5514"
"Food Balance Sheets","United States of America","Import Quantity","Milk - Excluding Butter","2013","1000 tonnes","5235"

