Domain,Area,Element,Item,Year,Unit,Value
"Livestock Primary","United States of America","Yield/Carcass Weight","Meat, cattle","1961","hg/An","2149"
"Livestock Primary","United States of America","Yield/Carcass Weight","Meat, cattle","1962","hg/An","2132"
"Livestock Primary","United States of America","Yield/Carcass Weight","Meat, cattle","1963","hg/An","2236"
"Livestock Primary","United States of America","Yield/Carcass Weight","Meat, cattle","1964","hg/An","2246"
"Livestock Primary","United States of America","Yield/Carcass Weight","Meat, cattle","1965","hg/An","2187"
"Livestock Primary","United States of America","Yield/Carcass Weight","Meat, cattle","1966","hg/An","2281"
"Livestock Primary","United States of America","Yield/Carcass Weight","Meat, cattle","1967","hg/An","2359"
"Livestock Primary","United States of America","Yield/Carcass Weight","Meat, cattle","1968","hg/An","2386"
"Livestock Primary","United States of America","Yield/Carcass Weight","Meat, cattle","1969","hg/An","2436"
"Livestock Primary","United States of America","Yield/Carcass Weight","Meat, cattle","1970","hg/An","2554"
"Livestock Primary","United States of America","Yield/Carcass Weight","Meat, cattle","1971","hg/An","2563"
"Livestock Primary","United States of America","Yield/Carcass Weight","Meat, cattle","1972","hg/An","2637"
"Livestock Primary","United States of America","Yield/Carcass Weight","Meat, cattle","1973","hg/An","2696"
"Livestock Primary","United States of America","Yield/Carcass Weight","Meat, cattle","1974","hg/An","2646"
"Livestock Primary","United States of America","Yield/Carcass Weight","Meat, cattle","1975","hg/An","2405"
"Livestock Primary","United States of America","Yield/Carcass Weight","Meat, cattle","1976","hg/An","2497"
"Livestock Primary","United States of America","Yield/Carcass Weight","Meat, cattle","1977","hg/An","2464"
"Livestock Primary","United States of America","Yield/Carcass Weight","Meat, cattle","1978","hg/An","2548"
"Livestock Primary","United States of America","Yield/Carcass Weight","Meat, cattle","1979","hg/An","2687"
"Livestock Primary","United States of America","Yield/Carcass Weight","Meat, cattle","1980","hg/An","2717"
"Livestock Primary","United States of America","Yield/Carcass Weight","Meat, cattle","1981","hg/An","2714"
"Livestock Primary","United States of America","Yield/Carcass Weight","Meat, cattle","1982","hg/An","2656"
"Livestock Primary","United States of America","Yield/Carcass Weight","Meat, cattle","1983","hg/An","2677"
"Livestock Primary","United States of America","Yield/Carcass Weight","Meat, cattle","1984","hg/An","2648"
"Livestock Primary","United States of America","Yield/Carcass Weight","Meat, cattle","1985","hg/An","2746"
"Livestock Primary","United States of America","Yield/Carcass Weight","Meat, cattle","1986","hg/An","2751"
"Livestock Primary","United States of America","Yield/Carcass Weight","Meat, cattle","1987","hg/An","2806"
"Livestock Primary","United States of America","Yield/Carcass Weight","Meat, cattle","1988","hg/An","2871"
"Livestock Primary","United States of America","Yield/Carcass Weight","Meat, cattle","1989","hg/An","2927"
"Livestock Primary","United States of America","Yield/Carcass Weight","Meat, cattle","1990","hg/An","2967"
"Livestock Primary","United States of America","Yield/Carcass Weight","Meat, cattle","1991","hg/An","3002"
"Livestock Primary","United States of America","Yield/Carcass Weight","Meat, cattle","1992","hg/An","3014"
"Livestock Primary","United States of America","Yield/Carcass Weight","Meat, cattle","1993","hg/An","3014"
"Livestock Primary","United States of America","Yield/Carcass Weight","Meat, cattle","1994","hg/An","2929"
"Livestock Primary","United States of America","Yield/Carcass Weight","Meat, cattle","1995","hg/An","2966"
"Livestock Primary","United States of America","Yield/Carcass Weight","Meat, cattle","1996","hg/An","2966"
"Livestock Primary","United States of America","Yield/Carcass Weight","Meat, cattle","1997","hg/An","3038"
"Livestock Primary","United States of America","Yield/Carcass Weight","Meat, cattle","1998","hg/An","3113"
"Livestock Primary","United States of America","Yield/Carcass Weight","Meat, cattle","1999","hg/An","3104"
"Livestock Primary","United States of America","Yield/Carcass Weight","Meat, cattle","2000","hg/An","3197"
"Livestock Primary","United States of America","Yield/Carcass Weight","Meat, cattle","2001","hg/An","3334"
"Livestock Primary","United States of America","Yield/Carcass Weight","Meat, cattle","2002","hg/An","3216"
"Livestock Primary","United States of America","Yield/Carcass Weight","Meat, cattle","2003","hg/An","3362"
"Livestock Primary","United States of America","Yield/Carcass Weight","Meat, cattle","2004","hg/An","3539"
"Livestock Primary","United States of America","Yield/Carcass Weight","Meat, cattle","2005","hg/An","3356"
"Livestock Primary","United States of America","Yield/Carcass Weight","Meat, cattle","2006","hg/An","3250"
"Livestock Primary","United States of America","Yield/Carcass Weight","Meat, cattle","2007","hg/An","3383"
"Livestock Primary","United States of America","Yield/Carcass Weight","Meat, cattle","2008","hg/An","3389"
"Livestock Primary","United States of America","Yield/Carcass Weight","Meat, cattle","2009","hg/An","3510"
"Livestock Primary","United States of America","Yield/Carcass Weight","Meat, cattle","2010","hg/An","3350"
"Livestock Primary","United States of America","Yield/Carcass Weight","Meat, cattle","2011","hg/An","3411"
"Livestock Primary","United States of America","Yield/Carcass Weight","Meat, cattle","2012","hg/An","3519"
"Livestock Primary","United States of America","Yield/Carcass Weight","Meat, cattle","2013","hg/An","3535"
"Livestock Primary","United States of America","Yield/Carcass Weight","Meat, cattle","2014","hg/An","3791"
"Livestock Primary","United States of America","Yield/Carcass Weight","Meat, cattle","2015","hg/An","3676"
"Livestock Primary","United States of America","Yield/Carcass Weight","Meat, cattle","2016","hg/An","3678"
"Livestock Primary","United States of America","Yield/Carcass Weight","Meat, cattle","2017","hg/An","3628"
"Livestock Primary","United States of America","Yield/Carcass Weight","Meat, Poultry","1961","0.1g/An","13964"
"Livestock Primary","United States of America","Yield/Carcass Weight","Meat, Poultry","1962","0.1g/An","13582"
"Livestock Primary","United States of America","Yield/Carcass Weight","Meat, Poultry","1963","0.1g/An","13758"
"Livestock Primary","United States of America","Yield/Carcass Weight","Meat, Poultry","1964","0.1g/An","13853"
"Livestock Primary","United States of America","Yield/Carcass Weight","Meat, Poultry","1965","0.1g/An","13821"
"Livestock Primary","United States of America","Yield/Carcass Weight","Meat, Poultry","1966","0.1g/An","15736"
"Livestock Primary","United States of America","Yield/Carcass Weight","Meat, Poultry","1967","0.1g/An","13768"
"Livestock Primary","United States of America","Yield/Carcass Weight","Meat, Poultry","1968","0.1g/An","13537"
"Livestock Primary","United States of America","Yield/Carcass Weight","Meat, Poultry","1969","0.1g/An","13537"
"Livestock Primary","United States of America","Yield/Carcass Weight","Meat, Poultry","1970","0.1g/An","13836"
"Livestock Primary","United States of America","Yield/Carcass Weight","Meat, Poultry","1971","0.1g/An","13986"
"Livestock Primary","United States of America","Yield/Carcass Weight","Meat, Poultry","1972","0.1g/An","14161"
"Livestock Primary","United States of America","Yield/Carcass Weight","Meat, Poultry","1973","0.1g/An","14258"
"Livestock Primary","United States of America","Yield/Carcass Weight","Meat, Poultry","1974","0.1g/An","14327"
"Livestock Primary","United States of America","Yield/Carcass Weight","Meat, Poultry","1975","0.1g/An","14667"
"Livestock Primary","United States of America","Yield/Carcass Weight","Meat, Poultry","1976","0.1g/An","14857"
"Livestock Primary","United States of America","Yield/Carcass Weight","Meat, Poultry","1977","0.1g/An","14723"
"Livestock Primary","United States of America","Yield/Carcass Weight","Meat, Poultry","1978","0.1g/An","14761"
"Livestock Primary","United States of America","Yield/Carcass Weight","Meat, Poultry","1979","0.1g/An","14893"
"Livestock Primary","United States of America","Yield/Carcass Weight","Meat, Poultry","1980","0.1g/An","15058"
"Livestock Primary","United States of America","Yield/Carcass Weight","Meat, Poultry","1981","0.1g/An","15465"
"Livestock Primary","United States of America","Yield/Carcass Weight","Meat, Poultry","1982","0.1g/An","15562"
"Livestock Primary","United States of America","Yield/Carcass Weight","Meat, Poultry","1983","0.1g/An","15790"
"Livestock Primary","United States of America","Yield/Carcass Weight","Meat, Poultry","1984","0.1g/An","15881"
"Livestock Primary","United States of America","Yield/Carcass Weight","Meat, Poultry","1985","0.1g/An","15695"
"Livestock Primary","United States of America","Yield/Carcass Weight","Meat, Poultry","1986","0.1g/An","16973"
"Livestock Primary","United States of America","Yield/Carcass Weight","Meat, Poultry","1987","0.1g/An","16646"
"Livestock Primary","United States of America","Yield/Carcass Weight","Meat, Poultry","1988","0.1g/An","16717"
"Livestock Primary","United States of America","Yield/Carcass Weight","Meat, Poultry","1989","0.1g/An","16861"
"Livestock Primary","United States of America","Yield/Carcass Weight","Meat, Poultry","1990","0.1g/An","17038"
"Livestock Primary","United States of America","Yield/Carcass Weight","Meat, Poultry","1991","0.1g/An","17140"
"Livestock Primary","United States of America","Yield/Carcass Weight","Meat, Poultry","1992","0.1g/An","17406"
"Livestock Primary","United States of America","Yield/Carcass Weight","Meat, Poultry","1993","0.1g/An","17524"
"Livestock Primary","United States of America","Yield/Carcass Weight","Meat, Poultry","1994","0.1g/An","17715"
"Livestock Primary","United States of America","Yield/Carcass Weight","Meat, Poultry","1995","0.1g/An","17803"
"Livestock Primary","United States of America","Yield/Carcass Weight","Meat, Poultry","1996","0.1g/An","18332"
"Livestock Primary","United States of America","Yield/Carcass Weight","Meat, Poultry","1997","0.1g/An","18419"
"Livestock Primary","United States of America","Yield/Carcass Weight","Meat, Poultry","1998","0.1g/An","18451"
"Livestock Primary","United States of America","Yield/Carcass Weight","Meat, Poultry","1999","0.1g/An","18880"
"Livestock Primary","United States of America","Yield/Carcass Weight","Meat, Poultry","2000","0.1g/An","19003"
"Livestock Primary","United States of America","Yield/Carcass Weight","Meat, Poultry","2001","0.1g/An","19076"
"Livestock Primary","United States of America","Yield/Carcass Weight","Meat, Poultry","2002","0.1g/An","19438"
"Livestock Primary","United States of America","Yield/Carcass Weight","Meat, Poultry","2003","0.1g/An","19718"
"Livestock Primary","United States of America","Yield/Carcass Weight","Meat, Poultry","2004","0.1g/An","19847"
"Livestock Primary","United States of America","Yield/Carcass Weight","Meat, Poultry","2005","0.1g/An","20302"
"Livestock Primary","United States of America","Yield/Carcass Weight","Meat, Poultry","2006","0.1g/An","20504"
"Livestock Primary","United States of America","Yield/Carcass Weight","Meat, Poultry","2007","0.1g/An","20783"
"Livestock Primary","United States of America","Yield/Carcass Weight","Meat, Poultry","2008","0.1g/An","21216"
"Livestock Primary","United States of America","Yield/Carcass Weight","Meat, Poultry","2009","0.1g/An","21231"
"Livestock Primary","United States of America","Yield/Carcass Weight","Meat, Poultry","2010","0.1g/An","21624"
"Livestock Primary","United States of America","Yield/Carcass Weight","Meat, Poultry","2011","0.1g/An","22102"
"Livestock Primary","United States of America","Yield/Carcass Weight","Meat, Poultry","2012","0.1g/An","22367"
"Livestock Primary","United States of America","Yield/Carcass Weight","Meat, Poultry","2013","0.1g/An","22535"
"Livestock Primary","United States of America","Yield/Carcass Weight","Meat, Poultry","2014","0.1g/An","22837"
"Livestock Primary","United States of America","Yield/Carcass Weight","Meat, Poultry","2015","0.1g/An","23140"
"Livestock Primary","United States of America","Yield/Carcass Weight","Meat, Poultry","2016","0.1g/An","23403"
"Livestock Primary","United States of America","Yield/Carcass Weight","Meat, Poultry","2017","0.1g/An","23516"
