Domain,Area,Element,Item,Year,Unit,Value
"Crops","United States of America","Yield","Maize","1961","hg/ha","39184"
"Crops","United States of America","Yield","Maize","1962","hg/ha","40621"
"Crops","United States of America","Yield","Maize","1963","hg/ha","42596"
"Crops","United States of America","Yield","Maize","1964","hg/ha","39498"
"Crops","United States of America","Yield","Maize","1965","hg/ha","46492"
"Crops","United States of America","Yield","Maize","1966","hg/ha","45892"
"Crops","United States of America","Yield","Maize","1967","hg/ha","50265"
"Crops","United States of America","Yield","Maize","1968","hg/ha","49891"
"Crops","United States of America","Yield","Maize","1969","hg/ha","53908"
"Crops","United States of America","Yield","Maize","1970","hg/ha","45439"
"Crops","United States of America","Yield","Maize","1971","hg/ha","55270"
"Crops","United States of America","Yield","Maize","1972","hg/ha","60897"
"Crops","United States of America","Yield","Maize","1973","hg/ha","57278"
"Crops","United States of America","Yield","Maize","1974","hg/ha","45119"
"Crops","United States of America","Yield","Maize","1975","hg/ha","54213"
"Crops","United States of America","Yield","Maize","1976","hg/ha","55206"
"Crops","United States of America","Yield","Maize","1977","hg/ha","57015"
"Crops","United States of America","Yield","Maize","1978","hg/ha","63421"
"Crops","United States of America","Yield","Maize","1979","hg/ha","68734"
"Crops","United States of America","Yield","Maize","1980","hg/ha","57118"
"Crops","United States of America","Yield","Maize","1981","hg/ha","68380"
"Crops","United States of America","Yield","Maize","1982","hg/ha","71082"
"Crops","United States of America","Yield","Maize","1983","hg/ha","50893"
"Crops","United States of America","Yield","Maize","1984","hg/ha","66981"
"Crops","United States of America","Yield","Maize","1985","hg/ha","74074"
"Crops","United States of America","Yield","Maize","1986","hg/ha","74930"
"Crops","United States of America","Yield","Maize","1987","hg/ha","75225"
"Crops","United States of America","Yield","Maize","1988","hg/ha","53109"
"Crops","United States of America","Yield","Maize","1989","hg/ha","72978"
"Crops","United States of America","Yield","Maize","1990","hg/ha","74380"
"Crops","United States of America","Yield","Maize","1991","hg/ha","68171"
"Crops","United States of America","Yield","Maize","1992","hg/ha","82526"
"Crops","United States of America","Yield","Maize","1993","hg/ha","63210"
"Crops","United States of America","Yield","Maize","1994","hg/ha","86996"
"Crops","United States of America","Yield","Maize","1995","hg/ha","71228"
"Crops","United States of America","Yield","Maize","1996","hg/ha","79773"
"Crops","United States of America","Yield","Maize","1997","hg/ha","79521"
"Crops","United States of America","Yield","Maize","1998","hg/ha","84382"
"Crops","United States of America","Yield","Maize","1999","hg/ha","83977"
"Crops","United States of America","Yield","Maize","2000","hg/ha","85911"
"Crops","United States of America","Yield","Maize","2001","hg/ha","86733"
"Crops","United States of America","Yield","Maize","2002","hg/ha","81180"
"Crops","United States of America","Yield","Maize","2003","hg/ha","89246"
"Crops","United States of America","Yield","Maize","2004","hg/ha","100637"
"Crops","United States of America","Yield","Maize","2005","hg/ha","92852"
"Crops","United States of America","Yield","Maize","2006","hg/ha","93577"
"Crops","United States of America","Yield","Maize","2007","hg/ha","94585"
"Crops","United States of America","Yield","Maize","2008","hg/ha","96209"
"Crops","United States of America","Yield","Maize","2009","hg/ha","103181"
"Crops","United States of America","Yield","Maize","2010","hg/ha","95757"
"Crops","United States of America","Yield","Maize","2011","hg/ha","92146"
"Crops","United States of America","Yield","Maize","2012","hg/ha","77270"
"Crops","United States of America","Yield","Maize","2013","hg/ha","99256"
"Crops","United States of America","Yield","Maize","2014","hg/ha","107326"
"Crops","United States of America","Yield","Maize","2015","hg/ha","105723"
"Crops","United States of America","Yield","Maize","2016","hg/ha","109604"
"Crops","United States of America","Yield","Maize","2017","hg/ha","110837"
"Crops","United States of America","Yield","Soybeans","1961","hg/ha","16900"
"Crops","United States of America","Yield","Soybeans","1962","hg/ha","16302"
"Crops","United States of America","Yield","Soybeans","1963","hg/ha","16432"
"Crops","United States of America","Yield","Soybeans","1964","hg/ha","15309"
"Crops","United States of America","Yield","Soybeans","1965","hg/ha","16508"
"Crops","United States of America","Yield","Soybeans","1966","hg/ha","17087"
"Crops","United States of America","Yield","Soybeans","1967","hg/ha","16498"
"Crops","United States of America","Yield","Soybeans","1968","hg/ha","17986"
"Crops","United States of America","Yield","Soybeans","1969","hg/ha","18435"
"Crops","United States of America","Yield","Soybeans","1970","hg/ha","17941"
"Crops","United States of America","Yield","Soybeans","1971","hg/ha","18522"
"Crops","United States of America","Yield","Soybeans","1972","hg/ha","18706"
"Crops","United States of America","Yield","Soybeans","1973","hg/ha","18696"
"Crops","United States of America","Yield","Soybeans","1974","hg/ha","15933"
"Crops","United States of America","Yield","Soybeans","1975","hg/ha","19421"
"Crops","United States of America","Yield","Soybeans","1976","hg/ha","17543"
"Crops","United States of America","Yield","Soybeans","1977","hg/ha","20552"
"Crops","United States of America","Yield","Soybeans","1978","hg/ha","19741"
"Crops","United States of America","Yield","Soybeans","1979","hg/ha","21614"
"Crops","United States of America","Yield","Soybeans","1980","hg/ha","17827"
"Crops","United States of America","Yield","Soybeans","1981","hg/ha","20331"
"Crops","United States of America","Yield","Soybeans","1982","hg/ha","21213"
"Crops","United States of America","Yield","Soybeans","1983","hg/ha","17594"
"Crops","United States of America","Yield","Soybeans","1984","hg/ha","18930"
"Crops","United States of America","Yield","Soybeans","1985","hg/ha","22923"
"Crops","United States of America","Yield","Soybeans","1986","hg/ha","22411"
"Crops","United States of America","Yield","Soybeans","1987","hg/ha","22794"
"Crops","United States of America","Yield","Soybeans","1988","hg/ha","18155"
"Crops","United States of America","Yield","Soybeans","1989","hg/ha","21783"
"Crops","United States of America","Yield","Soybeans","1990","hg/ha","22920"
"Crops","United States of America","Yield","Soybeans","1991","hg/ha","23029"
"Crops","United States of America","Yield","Soybeans","1992","hg/ha","25295"
"Crops","United States of America","Yield","Soybeans","1993","hg/ha","21941"
"Crops","United States of America","Yield","Soybeans","1994","hg/ha","27813"
"Crops","United States of America","Yield","Soybeans","1995","hg/ha","23759"
"Crops","United States of America","Yield","Soybeans","1996","hg/ha","25269"
"Crops","United States of America","Yield","Soybeans","1997","hg/ha","26164"
"Crops","United States of America","Yield","Soybeans","1998","hg/ha","26169"
"Crops","United States of America","Yield","Soybeans","1999","hg/ha","24634"
"Crops","United States of America","Yield","Soybeans","2000","hg/ha","25614"
"Crops","United States of America","Yield","Soybeans","2001","hg/ha","26639"
"Crops","United States of America","Yield","Soybeans","2002","hg/ha","25567"
"Crops","United States of America","Yield","Soybeans","2003","hg/ha","22769"
"Crops","United States of America","Yield","Soybeans","2004","hg/ha","28405"
"Crops","United States of America","Yield","Soybeans","2005","hg/ha","28961"
"Crops","United States of America","Yield","Soybeans","2006","hg/ha","28817"
"Crops","United States of America","Yield","Soybeans","2007","hg/ha","28067"
"Crops","United States of America","Yield","Soybeans","2008","hg/ha","26718"
"Crops","United States of America","Yield","Soybeans","2009","hg/ha","29595"
"Crops","United States of America","Yield","Soybeans","2010","hg/ha","29243"
"Crops","United States of America","Yield","Soybeans","2011","hg/ha","28232"
"Crops","United States of America","Yield","Soybeans","2012","hg/ha","26867"
"Crops","United States of America","Yield","Soybeans","2013","hg/ha","29615"
"Crops","United States of America","Yield","Soybeans","2014","hg/ha","31977"
"Crops","United States of America","Yield","Soybeans","2015","hg/ha","32289"
"Crops","United States of America","Yield","Soybeans","2016","hg/ha","34937"
"Crops","United States of America","Yield","Soybeans","2017","hg/ha","32990"
"Crops","United States of America","Yield","Cereals,Total","1961","hg/ha","25223"
"Crops","United States of America","Yield","Cereals,Total","1962","hg/ha","26831"
"Crops","United States of America","Yield","Cereals,Total","1963","hg/ha","28006"
"Crops","United States of America","Yield","Cereals,Total","1964","hg/ha","26393"
"Crops","United States of America","Yield","Cereals,Total","1965","hg/ha","30408"
"Crops","United States of America","Yield","Cereals,Total","1966","hg/ha","30167"
"Crops","United States of America","Yield","Cereals,Total","1967","hg/ha","31612"
"Crops","United States of America","Yield","Cereals,Total","1968","hg/ha","32128"
"Crops","United States of America","Yield","Cereals,Total","1969","hg/ha","34643"
"Crops","United States of America","Yield","Cereals,Total","1970","hg/ha","31549"
"Crops","United States of America","Yield","Cereals,Total","1971","hg/ha","37256"
"Crops","United States of America","Yield","Cereals,Total","1972","hg/ha","39082"
"Crops","United States of America","Yield","Cereals,Total","1973","hg/ha","36832"
"Crops","United States of America","Yield","Cereals,Total","1974","hg/ha","29975"
"Crops","United States of America","Yield","Cereals,Total","1975","hg/ha","34613"
"Crops","United States of America","Yield","Cereals,Total","1976","hg/ha","35330"
"Crops","United States of America","Yield","Cereals,Total","1977","hg/ha","36832"
"Crops","United States of America","Yield","Cereals,Total","1978","hg/ha","41098"
"Crops","United States of America","Yield","Cereals,Total","1979","hg/ha","44262"
"Crops","United States of America","Yield","Cereals,Total","1980","hg/ha","37719"
"Crops","United States of America","Yield","Cereals,Total","1981","hg/ha","42567"
"Crops","United States of America","Yield","Cereals,Total","1982","hg/ha","43706"
"Crops","United States of America","Yield","Cereals,Total","1983","hg/ha","35359"
"Crops","United States of America","Yield","Cereals,Total","1984","hg/ha","43741"
"Crops","United States of America","Yield","Cereals,Total","1985","hg/ha","47633"
"Crops","United States of America","Yield","Cereals,Total","1986","hg/ha","46989"
"Crops","United States of America","Yield","Cereals,Total","1987","hg/ha","47354"
"Crops","United States of America","Yield","Cereals,Total","1988","hg/ha","37069"
"Crops","United States of America","Yield","Cereals,Total","1989","hg/ha","44739"
"Crops","United States of America","Yield","Cereals,Total","1990","hg/ha","47551"
"Crops","United States of America","Yield","Cereals,Total","1991","hg/ha","45076"
"Crops","United States of America","Yield","Cereals,Total","1992","hg/ha","53578"
"Crops","United States of America","Yield","Cereals,Total","1993","hg/ha","42988"
"Crops","United States of America","Yield","Cereals,Total","1994","hg/ha","55600"
"Crops","United States of America","Yield","Cereals,Total","1995","hg/ha","46448"
"Crops","United States of America","Yield","Cereals,Total","1996","hg/ha","51753"
"Crops","United States of America","Yield","Cereals,Total","1997","hg/ha","52753"
"Crops","United States of America","Yield","Cereals,Total","1998","hg/ha","56765"
"Crops","United States of America","Yield","Cereals,Total","1999","hg/ha","57365"
"Crops","United States of America","Yield","Cereals,Total","2000","hg/ha","58543"
"Crops","United States of America","Yield","Cereals,Total","2001","hg/ha","58911"
"Crops","United States of America","Yield","Cereals,Total","2002","hg/ha","55468"
"Crops","United States of America","Yield","Cereals,Total","2003","hg/ha","60237"
"Crops","United States of America","Yield","Cereals,Total","2004","hg/ha","68511"
"Crops","United States of America","Yield","Cereals,Total","2005","hg/ha","64507"
"Crops","United States of America","Yield","Cereals,Total","2006","hg/ha","64004"
"Crops","United States of America","Yield","Cereals,Total","2007","hg/ha","67044"
"Crops","United States of America","Yield","Cereals,Total","2008","hg/ha","65983"
"Crops","United States of America","Yield","Cereals,Total","2009","hg/ha","72262"
"Crops","United States of America","Yield","Cereals,Total","2010","hg/ha","69781"
"Crops","United States of America","Yield","Cereals,Total","2011","hg/ha","68035"
"Crops","United States of America","Yield","Cereals,Total","2012","hg/ha","59119"
"Crops","United States of America","Yield","Cereals,Total","2013","hg/ha","73009"
"Crops","United States of America","Yield","Cereals,Total","2014","hg/ha","76381"
"Crops","United States of America","Yield","Cereals,Total","2015","hg/ha","74305"
"Crops","United States of America","Yield","Cereals,Total","2016","hg/ha","81446"
"Crops","United States of America","Yield","Cereals,Total","2017","hg/ha","82808"
"Crops","United States of America","Yield","Fruit Primary","1961","hg/ha","147018"
"Crops","United States of America","Yield","Fruit Primary","1962","hg/ha","153417"
"Crops","United States of America","Yield","Fruit Primary","1963","hg/ha","145082"
"Crops","United States of America","Yield","Fruit Primary","1964","hg/ha","145523"
"Crops","United States of America","Yield","Fruit Primary","1965","hg/ha","158078"
"Crops","United States of America","Yield","Fruit Primary","1966","hg/ha","160828"
"Crops","United States of America","Yield","Fruit Primary","1967","hg/ha","165889"
"Crops","United States of America","Yield","Fruit Primary","1968","hg/ha","148791"
"Crops","United States of America","Yield","Fruit Primary","1969","hg/ha","173734"
"Crops","United States of America","Yield","Fruit Primary","1970","hg/ha","165861"
"Crops","United States of America","Yield","Fruit Primary","1971","hg/ha","175473"
"Crops","United States of America","Yield","Fruit Primary","1972","hg/ha","161640"
"Crops","United States of America","Yield","Fruit Primary","1973","hg/ha","189742"
"Crops","United States of America","Yield","Fruit Primary","1974","hg/ha","186621"
"Crops","United States of America","Yield","Fruit Primary","1975","hg/ha","198147"
"Crops","United States of America","Yield","Fruit Primary","1976","hg/ha","193448"
"Crops","United States of America","Yield","Fruit Primary","1977","hg/ha","198471"
"Crops","United States of America","Yield","Fruit Primary","1978","hg/ha","195936"
"Crops","United States of America","Yield","Fruit Primary","1979","hg/ha","198406"
"Crops","United States of America","Yield","Fruit Primary","1980","hg/ha","228803"
"Crops","United States of America","Yield","Fruit Primary","1981","hg/ha","205916"
"Crops","United States of America","Yield","Fruit Primary","1982","hg/ha","196966"
"Crops","United States of America","Yield","Fruit Primary","1983","hg/ha","201713"
"Crops","United States of America","Yield","Fruit Primary","1984","hg/ha","186126"
"Crops","United States of America","Yield","Fruit Primary","1985","hg/ha","186918"
"Crops","United States of America","Yield","Fruit Primary","1986","hg/ha","192335"
"Crops","United States of America","Yield","Fruit Primary","1987","hg/ha","214663"
"Crops","United States of America","Yield","Fruit Primary","1988","hg/ha","216721"
"Crops","United States of America","Yield","Fruit Primary","1989","hg/ha","220687"
"Crops","United States of America","Yield","Fruit Primary","1990","hg/ha","199860"
"Crops","United States of America","Yield","Fruit Primary","1991","hg/ha","209738"
"Crops","United States of America","Yield","Fruit Primary","1992","hg/ha","225474"
"Crops","United States of America","Yield","Fruit Primary","1993","hg/ha","238579"
"Crops","United States of America","Yield","Fruit Primary","1994","hg/ha","235952"
"Crops","United States of America","Yield","Fruit Primary","1995","hg/ha","236183"
"Crops","United States of America","Yield","Fruit Primary","1996","hg/ha","226457"
"Crops","United States of America","Yield","Fruit Primary","1997","hg/ha","247377"
"Crops","United States of America","Yield","Fruit Primary","1998","hg/ha","242263"
"Crops","United States of America","Yield","Fruit Primary","1999","hg/ha","217424"
"Crops","United States of America","Yield","Fruit Primary","2000","hg/ha","250868"
"Crops","United States of America","Yield","Fruit Primary","2001","hg/ha","235570"
"Crops","United States of America","Yield","Fruit Primary","2002","hg/ha","240816"
"Crops","United States of America","Yield","Fruit Primary","2003","hg/ha","233277"
"Crops","United States of America","Yield","Fruit Primary","2004","hg/ha","247735"
"Crops","United States of America","Yield","Fruit Primary","2005","hg/ha","228060"
"Crops","United States of America","Yield","Fruit Primary","2006","hg/ha","235180"
"Crops","United States of America","Yield","Fruit Primary","2007","hg/ha","222491"
"Crops","United States of America","Yield","Fruit Primary","2008","hg/ha","245867"
"Crops","United States of America","Yield","Fruit Primary","2009","hg/ha","243642"
"Crops","United States of America","Yield","Fruit Primary","2010","hg/ha","235988"
"Crops","United States of America","Yield","Fruit Primary","2011","hg/ha","245918"
"Crops","United States of America","Yield","Fruit Primary","2012","hg/ha","245276"
"Crops","United States of America","Yield","Fruit Primary","2013","hg/ha","246985"
"Crops","United States of America","Yield","Fruit Primary","2014","hg/ha","235081"
"Crops","United States of America","Yield","Fruit Primary","2015","hg/ha","226621"
"Crops","United States of America","Yield","Fruit Primary","2016","hg/ha","236093"
"Crops","United States of America","Yield","Fruit Primary","2017","hg/ha","228028"
"Crops","United States of America","Yield","Vegetables Primary","1961","hg/ha","132949"
"Crops","United States of America","Yield","Vegetables Primary","1962","hg/ha","143092"
"Crops","United States of America","Yield","Vegetables Primary","1963","hg/ha","138346"
"Crops","United States of America","Yield","Vegetables Primary","1964","hg/ha","139054"
"Crops","United States of America","Yield","Vegetables Primary","1965","hg/ha","143821"
"Crops","United States of America","Yield","Vegetables Primary","1966","hg/ha","137949"
"Crops","United States of America","Yield","Vegetables Primary","1967","hg/ha","142977"
"Crops","United States of America","Yield","Vegetables Primary","1968","hg/ha","156066"
"Crops","United States of America","Yield","Vegetables Primary","1969","hg/ha","149008"
"Crops","United States of America","Yield","Vegetables Primary","1970","hg/ha","156835"
"Crops","United States of America","Yield","Vegetables Primary","1971","hg/ha","163113"
"Crops","United States of America","Yield","Vegetables Primary","1972","hg/ha","164505"
"Crops","United States of America","Yield","Vegetables Primary","1973","hg/ha","160101"
"Crops","United States of America","Yield","Vegetables Primary","1974","hg/ha","171058"
"Crops","United States of America","Yield","Vegetables Primary","1975","hg/ha","176186"
"Crops","United States of America","Yield","Vegetables Primary","1976","hg/ha","177826"
"Crops","United States of America","Yield","Vegetables Primary","1977","hg/ha","189043"
"Crops","United States of America","Yield","Vegetables Primary","1978","hg/ha","180736"
"Crops","United States of America","Yield","Vegetables Primary","1979","hg/ha","191847"
"Crops","United States of America","Yield","Vegetables Primary","1980","hg/ha","190652"
"Crops","United States of America","Yield","Vegetables Primary","1981","hg/ha","196381"
"Crops","United States of America","Yield","Vegetables Primary","1982","hg/ha","216556"
"Crops","United States of America","Yield","Vegetables Primary","1983","hg/ha","208747"
"Crops","United States of America","Yield","Vegetables Primary","1984","hg/ha","218901"
"Crops","United States of America","Yield","Vegetables Primary","1985","hg/ha","218432"
"Crops","United States of America","Yield","Vegetables Primary","1986","hg/ha","227330"
"Crops","United States of America","Yield","Vegetables Primary","1987","hg/ha","230219"
"Crops","United States of America","Yield","Vegetables Primary","1988","hg/ha","221736"
"Crops","United States of America","Yield","Vegetables Primary","1989","hg/ha","240717"
"Crops","United States of America","Yield","Vegetables Primary","1990","hg/ha","240375"
"Crops","United States of America","Yield","Vegetables Primary","1991","hg/ha","243160"
"Crops","United States of America","Yield","Vegetables Primary","1992","hg/ha","239062"
"Crops","United States of America","Yield","Vegetables Primary","1993","hg/ha","242799"
"Crops","United States of America","Yield","Vegetables Primary","1994","hg/ha","258808"
"Crops","United States of America","Yield","Vegetables Primary","1995","hg/ha","250721"
"Crops","United States of America","Yield","Vegetables Primary","1996","hg/ha","258130"
"Crops","United States of America","Yield","Vegetables Primary","1997","hg/ha","267063"
"Crops","United States of America","Yield","Vegetables Primary","1998","hg/ha","252878"
"Crops","United States of America","Yield","Vegetables Primary","1999","hg/ha","279233"
"Crops","United States of America","Yield","Vegetables Primary","2000","hg/ha","279177"
"Crops","United States of America","Yield","Vegetables Primary","2001","hg/ha","270021"
"Crops","United States of America","Yield","Vegetables Primary","2002","hg/ha","289751"
"Crops","United States of America","Yield","Vegetables Primary","2003","hg/ha","282720"
"Crops","United States of America","Yield","Vegetables Primary","2004","hg/ha","311196"
"Crops","United States of America","Yield","Vegetables Primary","2005","hg/ha","293416"
"Crops","United States of America","Yield","Vegetables Primary","2006","hg/ha","298445"
"Crops","United States of America","Yield","Vegetables Primary","2007","hg/ha","315989"
"Crops","United States of America","Yield","Vegetables Primary","2008","hg/ha","311165"
"Crops","United States of America","Yield","Vegetables Primary","2009","hg/ha","324688"
"Crops","United States of America","Yield","Vegetables Primary","2010","hg/ha","321677"
"Crops","United States of America","Yield","Vegetables Primary","2011","hg/ha","329270"
"Crops","United States of America","Yield","Vegetables Primary","2012","hg/ha","333443"
"Crops","United States of America","Yield","Vegetables Primary","2013","hg/ha","328498"
"Crops","United States of America","Yield","Vegetables Primary","2014","hg/ha","348050"
"Crops","United States of America","Yield","Vegetables Primary","2015","hg/ha","369078"
"Crops","United States of America","Yield","Vegetables Primary","2016","hg/ha","350377"
"Crops","United States of America","Yield","Vegetables Primary","2017","hg/ha","341330"
